{
    "version": "0.4",
    "title": "About Us",
    "type": "page",
    "metadata": {
        "template_type": "single-page",
        "include_in_zip": "1",
        "elementor_pro_required": "1",
        "wp_page_template": "default"
    },
    "content": [
        {
            "id": "7b736554",
            "settings": {
                "padding": {
                    "unit": "px",
                    "top": "150",
                    "right": "0",
                    "bottom": "0",
                    "left": "0",
                    "isLinked": false
                },
                "background_background": "classic",
                "margin": {
                    "unit": "px",
                    "top": "0",
                    "right": 0,
                    "bottom": "0",
                    "left": 0,
                    "isLinked": false
                },
                "padding_tablet": {
                    "unit": "px",
                    "top": "150",
                    "right": "40",
                    "bottom": "20",
                    "left": "40",
                    "isLinked": false
                },
                "padding_mobile": {
                    "unit": "px",
                    "top": "130",
                    "right": "20",
                    "bottom": "0",
                    "left": "20",
                    "isLinked": false
                }
            },
            "elements": [
                {
                    "id": "1ec677c9",
                    "settings": {
                        "_column_size": 100,
                        "_inline_size": null
                    },
                    "elements": [
                        {
                            "id": "41687c09",
                            "settings": {
                                "title": "About Us",
                                "header_size": "h1",
                                "align": "center",
                                "_margin": {
                                    "unit": "px",
                                    "top": "0",
                                    "right": "0",
                                    "bottom": "40",
                                    "left": "0",
                                    "isLinked": false
                                },
                                "_margin_tablet": {
                                    "unit": "px",
                                    "top": "0",
                                    "right": "0",
                                    "bottom": "0",
                                    "left": "0",
                                    "isLinked": false
                                },
                                "__globals__": {
                                    "typography_typography": "globals\/typography?id=0e93510"
                                }
                            },
                            "elements": [],
                            "isInner": false,
                            "widgetType": "heading",
                            "elType": "widget"
                        }
                    ],
                    "isInner": false,
                    "elType": "column"
                }
            ],
            "isInner": false,
            "elType": "section"
        },
        {
            "id": "3804fe85",
            "settings": {
                "structure": "20",
                "padding": {
                    "unit": "px",
                    "top": "60",
                    "right": "0",
                    "bottom": "0",
                    "left": "0",
                    "isLinked": false
                },
                "padding_tablet": {
                    "unit": "px",
                    "top": "80",
                    "right": "40",
                    "bottom": "0",
                    "left": "40",
                    "isLinked": false
                },
                "padding_mobile": {
                    "unit": "px",
                    "top": "60",
                    "right": "20",
                    "bottom": "0",
                    "left": "20",
                    "isLinked": false
                }
            },
            "elements": [
                {
                    "id": "3d92ffb1",
                    "settings": {
                        "_column_size": 50,
                        "_inline_size": null,
                        "margin": {
                            "unit": "px",
                            "top": "0",
                            "right": "100",
                            "bottom": "0",
                            "left": "0",
                            "isLinked": false
                        },
                        "_inline_size_tablet": 100,
                        "content_position": "center",
                        "margin_tablet": {
                            "unit": "px",
                            "top": "0",
                            "right": "0",
                            "bottom": "0",
                            "left": "0",
                            "isLinked": false
                        }
                    },
                    "elements": [
                        {
                            "id": "3294e73",
                            "settings": {
                                "title": "Our Vision",
                                "header_size": "h6",
                                "align_tablet": "center",
                                "__globals__": {
                                    "typography_typography": "globals\/typography?id=1652c47"
                                }
                            },
                            "elements": [],
                            "isInner": false,
                            "widgetType": "heading",
                            "elType": "widget"
                        },
                        {
                            "id": "6c76f8ec",
                            "settings": {
                                "title": "We excel in delivering optimal solutions.",
                                "align_tablet": "center",
                                "_margin": {
                                    "unit": "px",
                                    "top": "0",
                                    "right": "0",
                                    "bottom": "10",
                                    "left": "0",
                                    "isLinked": false
                                },
                                "__globals__": {
                                    "typography_typography": "globals\/typography?id=f488a9e"
                                }
                            },
                            "elements": [],
                            "isInner": false,
                            "widgetType": "heading",
                            "elType": "widget"
                        },
                        {
                            "id": "d389faf",
                            "settings": {
                                "selected_icon": {
                                    "value": "icon icon-team1",
                                    "library": "ekiticons"
                                },
                                "view": "stacked",
                                "title_text": "Warranty Management IT",
                                "description_text": "Lorem ipsum dolor sit amet, consectetur adipiscing elit.",
                                "position": "left",
                                "title_size": "div",
                                "secondary_color": "#FFFFFF",
                                "icon_space": {
                                    "unit": "px",
                                    "size": 30,
                                    "sizes": []
                                },
                                "icon_size": {
                                    "unit": "px",
                                    "size": 25,
                                    "sizes": []
                                },
                                "icon_padding": {
                                    "unit": "px",
                                    "size": 15,
                                    "sizes": []
                                },
                                "title_bottom_space": {
                                    "unit": "px",
                                    "size": 2,
                                    "sizes": []
                                },
                                "_margin": {
                                    "unit": "px",
                                    "top": "10",
                                    "right": "0",
                                    "bottom": "0",
                                    "left": "0",
                                    "isLinked": false
                                },
                                "__globals__": {
                                    "primary_color": "globals\/colors?id=accent",
                                    "title_color": "globals\/colors?id=primary",
                                    "title_typography_typography": "globals\/typography?id=accent",
                                    "description_typography_typography": "globals\/typography?id=secondary"
                                }
                            },
                            "elements": [],
                            "isInner": false,
                            "widgetType": "icon-box",
                            "elType": "widget"
                        },
                        {
                            "id": "531a8fb4",
                            "settings": {
                                "selected_icon": {
                                    "value": "icon icon-safebox1",
                                    "library": "ekiticons"
                                },
                                "view": "stacked",
                                "title_text": "Quality Control System",
                                "description_text": "Lorem ipsum dolor sit amet, consectetur adipiscing elit.",
                                "position": "left",
                                "title_size": "div",
                                "secondary_color": "#FFFFFF",
                                "icon_space": {
                                    "unit": "px",
                                    "size": 30,
                                    "sizes": []
                                },
                                "icon_size": {
                                    "unit": "px",
                                    "size": 25,
                                    "sizes": []
                                },
                                "icon_padding": {
                                    "unit": "px",
                                    "size": 15,
                                    "sizes": []
                                },
                                "title_bottom_space": {
                                    "unit": "px",
                                    "size": 2,
                                    "sizes": []
                                },
                                "_margin": {
                                    "unit": "px",
                                    "top": "10",
                                    "right": "0",
                                    "bottom": "0",
                                    "left": "0",
                                    "isLinked": false
                                },
                                "__globals__": {
                                    "primary_color": "globals\/colors?id=accent",
                                    "title_color": "globals\/colors?id=primary",
                                    "title_typography_typography": "globals\/typography?id=accent",
                                    "description_typography_typography": "globals\/typography?id=secondary"
                                }
                            },
                            "elements": [],
                            "isInner": false,
                            "widgetType": "icon-box",
                            "elType": "widget"
                        },
                        {
                            "id": "57637e78",
                            "settings": {
                                "selected_icon": {
                                    "value": "icon icon-business",
                                    "library": "ekiticons"
                                },
                                "view": "stacked",
                                "title_text": "Product Engineering & Services",
                                "description_text": "Lorem ipsum dolor sit amet, consectetur adipiscing elit.",
                                "position": "left",
                                "title_size": "div",
                                "secondary_color": "#FFFFFF",
                                "icon_space": {
                                    "unit": "px",
                                    "size": 30,
                                    "sizes": []
                                },
                                "icon_size": {
                                    "unit": "px",
                                    "size": 25,
                                    "sizes": []
                                },
                                "icon_padding": {
                                    "unit": "px",
                                    "size": 15,
                                    "sizes": []
                                },
                                "title_bottom_space": {
                                    "unit": "px",
                                    "size": 2,
                                    "sizes": []
                                },
                                "_margin": {
                                    "unit": "px",
                                    "top": "10",
                                    "right": "0",
                                    "bottom": "0",
                                    "left": "0",
                                    "isLinked": false
                                },
                                "__globals__": {
                                    "primary_color": "globals\/colors?id=accent",
                                    "title_color": "globals\/colors?id=primary",
                                    "title_typography_typography": "globals\/typography?id=accent",
                                    "description_typography_typography": "globals\/typography?id=secondary"
                                }
                            },
                            "elements": [],
                            "isInner": false,
                            "widgetType": "icon-box",
                            "elType": "widget"
                        }
                    ],
                    "isInner": false,
                    "elType": "column"
                },
                {
                    "id": "3fe17e2",
                    "settings": {
                        "_column_size": 50,
                        "_inline_size": null,
                        "_inline_size_tablet": 100,
                        "margin_tablet": {
                            "unit": "px",
                            "top": "40",
                            "right": "0",
                            "bottom": "0",
                            "left": "0",
                            "isLinked": false
                        },
                        "content_position": "center"
                    },
                    "elements": [
                        {
                            "id": "4f9c5d0d",
                            "settings": {
                                "image": {
                                    "url": "https:\/\/kits.pixel-show.com\/techup\/wp-content\/uploads\/sites\/20\/2020\/08\/creative-business-people-working-on-business-proje-58FUABR.jpg",
                                    "id": 190
                                },
                                "image_border_radius": {
                                    "unit": "px",
                                    "top": "20",
                                    "right": "20",
                                    "bottom": "20",
                                    "left": "20",
                                    "isLinked": true
                                },
                                "_z_index": 2,
                                "_animation": "fadeIn",
                                "animation_duration": "slow",
                                "image_size": "custom",
                                "image_custom_dimension": {
                                    "width": "1000",
                                    "height": "800"
                                },
                                "_margin": {
                                    "unit": "px",
                                    "top": "0",
                                    "right": "30",
                                    "bottom": "0",
                                    "left": "40",
                                    "isLinked": false
                                },
                                "_margin_mobile": {
                                    "unit": "px",
                                    "top": "0",
                                    "right": "0",
                                    "bottom": "0",
                                    "left": "0",
                                    "isLinked": false
                                }
                            },
                            "elements": [],
                            "isInner": false,
                            "widgetType": "image",
                            "elType": "widget"
                        },
                        {
                            "id": "623e6286",
                            "settings": {
                                "image": {
                                    "url": "https:\/\/kits.pixel-show.com\/techup\/wp-content\/uploads\/sites\/20\/2020\/08\/dots.png",
                                    "id": 92
                                },
                                "image_size": "custom",
                                "width": {
                                    "unit": "px",
                                    "size": 400,
                                    "sizes": []
                                },
                                "_z_index": 1,
                                "_position": "absolute",
                                "_offset_x": {
                                    "size": 153,
                                    "unit": "px"
                                },
                                "_offset_y": {
                                    "size": 308,
                                    "unit": "px"
                                },
                                "_animation": "fadeIn",
                                "animation_duration": "slow",
                                "_animation_delay": 1000,
                                "image_custom_dimension": {
                                    "width": "500",
                                    "height": "300"
                                },
                                "_margin": {
                                    "unit": "px",
                                    "top": "0",
                                    "right": "0",
                                    "bottom": "0",
                                    "left": "0",
                                    "isLinked": false
                                },
                                "_element_width_tablet": "auto",
                                "_element_width": "auto"
                            },
                            "elements": [],
                            "isInner": false,
                            "widgetType": "image",
                            "elType": "widget"
                        },
                        {
                            "id": "e946c89",
                            "settings": {
                                "image": {
                                    "url": "https:\/\/kits.pixel-show.com\/techup\/wp-content\/uploads\/sites\/20\/2020\/08\/office-lifestyle-business-and-people-concept-attra-4MLRBMH.jpg",
                                    "id": 274
                                },
                                "align": "left",
                                "width": {
                                    "unit": "px",
                                    "size": 200,
                                    "sizes": []
                                },
                                "image_border_radius": {
                                    "unit": "px",
                                    "top": "20",
                                    "right": "20",
                                    "bottom": "20",
                                    "left": "20",
                                    "isLinked": true
                                },
                                "image_box_shadow_box_shadow_type": "yes",
                                "image_box_shadow_box_shadow": {
                                    "horizontal": -20,
                                    "vertical": -20,
                                    "blur": 50,
                                    "spread": 0,
                                    "color": "rgba(0, 0, 0, 0.09)"
                                },
                                "_margin": {
                                    "unit": "px",
                                    "top": "-220",
                                    "right": "0",
                                    "bottom": "0",
                                    "left": "-10",
                                    "isLinked": false
                                },
                                "_z_index": 12,
                                "motion_fx_motion_fx_mouse": "yes",
                                "motion_fx_tilt_effect": "yes",
                                "motion_fx_tilt_direction": "negative",
                                "motion_fx_tilt_speed": {
                                    "unit": "px",
                                    "size": 1,
                                    "sizes": []
                                },
                                "_animation": "slideInUp",
                                "animation_duration": "slow",
                                "_animation_delay": 400,
                                "align_mobile": "left",
                                "_margin_mobile": {
                                    "unit": "px",
                                    "top": "-120",
                                    "right": "0",
                                    "bottom": "0",
                                    "left": "-10",
                                    "isLinked": false
                                }
                            },
                            "elements": [],
                            "isInner": false,
                            "widgetType": "image",
                            "elType": "widget"
                        }
                    ],
                    "isInner": false,
                    "elType": "column"
                }
            ],
            "isInner": false,
            "elType": "section"
        },
        {
            "id": "7c90b547",
            "settings": {
                "structure": "20",
                "padding": {
                    "unit": "px",
                    "top": "100",
                    "right": "0",
                    "bottom": "70",
                    "left": "0",
                    "isLinked": false
                },
                "padding_tablet": {
                    "unit": "px",
                    "top": "80",
                    "right": "40",
                    "bottom": "0",
                    "left": "40",
                    "isLinked": false
                },
                "padding_mobile": {
                    "unit": "px",
                    "top": "30",
                    "right": "20",
                    "bottom": "0",
                    "left": "20",
                    "isLinked": false
                }
            },
            "elements": [
                {
                    "id": "1d63b8e4",
                    "settings": {
                        "_column_size": 50,
                        "_inline_size": null,
                        "_inline_size_tablet": 100
                    },
                    "elements": [
                        {
                            "id": "35f36ef9",
                            "settings": {
                                "content_width": {
                                    "unit": "px",
                                    "size": 380,
                                    "sizes": []
                                },
                                "structure": "20",
                                "margin": {
                                    "unit": "px",
                                    "top": "0",
                                    "right": 0,
                                    "bottom": "-70",
                                    "left": 0,
                                    "isLinked": false
                                },
                                "z_index": 13,
                                "margin_mobile": {
                                    "unit": "px",
                                    "top": "0",
                                    "right": 0,
                                    "bottom": "15",
                                    "left": 0,
                                    "isLinked": false
                                }
                            },
                            "elements": [
                                {
                                    "id": "524d9e97",
                                    "settings": {
                                        "_column_size": 50,
                                        "_inline_size": 25.5,
                                        "margin": {
                                            "unit": "px",
                                            "top": "0",
                                            "right": "0",
                                            "bottom": "0",
                                            "left": "-100",
                                            "isLinked": false
                                        },
                                        "margin_mobile": {
                                            "unit": "px",
                                            "top": "0",
                                            "right": "0",
                                            "bottom": "0",
                                            "left": "0",
                                            "isLinked": false
                                        }
                                    },
                                    "elements": [
                                        {
                                            "id": "6324c919",
                                            "settings": {
                                                "image": {
                                                    "url": "https:\/\/kits.pixel-show.com\/techup\/wp-content\/uploads\/sites\/20\/2020\/08\/check-blue.png",
                                                    "id": 99
                                                },
                                                "_z_index": 2,
                                                "_animation": "bounceIn",
                                                "animation_duration": "slow",
                                                "_animation_delay": 1200,
                                                "align_mobile": "left",
                                                "width_mobile": {
                                                    "unit": "px",
                                                    "size": 50,
                                                    "sizes": []
                                                },
                                                "_margin_mobile": {
                                                    "unit": "px",
                                                    "top": "0",
                                                    "right": "0",
                                                    "bottom": "-40",
                                                    "left": "-30",
                                                    "isLinked": false
                                                }
                                            },
                                            "elements": [],
                                            "isInner": false,
                                            "widgetType": "image",
                                            "elType": "widget"
                                        }
                                    ],
                                    "isInner": true,
                                    "elType": "column"
                                },
                                {
                                    "id": "21207432",
                                    "settings": {
                                        "_column_size": 50,
                                        "_inline_size": 74.5,
                                        "content_position": "center",
                                        "background_background": "classic",
                                        "background_color": "#FFFFFF",
                                        "border_radius": {
                                            "unit": "px",
                                            "top": "8",
                                            "right": "8",
                                            "bottom": "8",
                                            "left": "8",
                                            "isLinked": true
                                        },
                                        "box_shadow_box_shadow_type": "yes",
                                        "box_shadow_box_shadow": {
                                            "horizontal": 0,
                                            "vertical": 0,
                                            "blur": 50,
                                            "spread": 0,
                                            "color": "rgba(0, 0, 0, 0.05)"
                                        },
                                        "margin": {
                                            "unit": "px",
                                            "top": "30",
                                            "right": "0",
                                            "bottom": "0",
                                            "left": "-145",
                                            "isLinked": false
                                        },
                                        "padding": {
                                            "unit": "px",
                                            "top": "20",
                                            "right": "40",
                                            "bottom": "20",
                                            "left": "40",
                                            "isLinked": false
                                        },
                                        "z_index": 1,
                                        "motion_fx_motion_fx_mouse": "yes",
                                        "motion_fx_mouseTrack_speed": {
                                            "unit": "px",
                                            "size": 0.1,
                                            "sizes": []
                                        },
                                        "motion_fx_tilt_effect": "yes",
                                        "motion_fx_tilt_direction": "negative",
                                        "motion_fx_tilt_speed": {
                                            "unit": "px",
                                            "size": 2,
                                            "sizes": []
                                        },
                                        "animation": "bounceIn",
                                        "animation_duration": "slow",
                                        "animation_delay": 800,
                                        "margin_mobile": {
                                            "unit": "px",
                                            "top": "0",
                                            "right": "0",
                                            "bottom": "0",
                                            "left": "0",
                                            "isLinked": false
                                        }
                                    },
                                    "elements": [
                                        {
                                            "id": "186602af",
                                            "settings": {
                                                "title": "Our Team",
                                                "header_size": "h6",
                                                "__globals__": {
                                                    "typography_typography": "globals\/typography?id=1652c47"
                                                }
                                            },
                                            "elements": [],
                                            "isInner": false,
                                            "widgetType": "heading",
                                            "elType": "widget"
                                        },
                                        {
                                            "id": "5d3b42d4",
                                            "settings": {
                                                "title": "1-Click Installation",
                                                "header_size": "h5",
                                                "_margin": {
                                                    "unit": "px",
                                                    "top": "-10",
                                                    "right": "0",
                                                    "bottom": "0",
                                                    "left": "0",
                                                    "isLinked": false
                                                },
                                                "__globals__": {
                                                    "typography_typography": "globals\/typography?id=ee3075e"
                                                }
                                            },
                                            "elements": [],
                                            "isInner": false,
                                            "widgetType": "heading",
                                            "elType": "widget"
                                        }
                                    ],
                                    "isInner": true,
                                    "elType": "column"
                                }
                            ],
                            "isInner": true,
                            "elType": "section"
                        },
                        {
                            "id": "17ee4dcb",
                            "settings": {
                                "image": {
                                    "url": "https:\/\/kits.pixel-show.com\/techup\/wp-content\/uploads\/sites\/20\/2020\/08\/dots.png",
                                    "id": 92
                                },
                                "image_size": "custom",
                                "width": {
                                    "unit": "px",
                                    "size": 400,
                                    "sizes": []
                                },
                                "_z_index": 1,
                                "_position": "absolute",
                                "_offset_x": {
                                    "size": -137,
                                    "unit": "px"
                                },
                                "_offset_y": {
                                    "size": -44,
                                    "unit": "px"
                                },
                                "_animation": "fadeInRight",
                                "animation_duration": "slow",
                                "_animation_delay": 1000,
                                "image_custom_dimension": {
                                    "width": "500",
                                    "height": "300"
                                },
                                "_element_width_tablet": "auto",
                                "_offset_x_tablet": {
                                    "size": -38,
                                    "unit": "px"
                                },
                                "_offset_y_tablet": {
                                    "size": -39,
                                    "unit": "px"
                                },
                                "_offset_x_mobile": {
                                    "size": -13,
                                    "unit": "px"
                                },
                                "_offset_y_mobile": {
                                    "size": 108,
                                    "unit": "px"
                                }
                            },
                            "elements": [],
                            "isInner": false,
                            "widgetType": "image",
                            "elType": "widget"
                        },
                        {
                            "id": "1e950fb5",
                            "settings": {
                                "image": {
                                    "url": "https:\/\/kits.pixel-show.com\/techup\/wp-content\/uploads\/sites\/20\/2020\/08\/pretty-teenage-girls-and-their-boyfriends-in-casua-WHRMLRA-copy.jpg",
                                    "id": 277
                                },
                                "image_border_radius": {
                                    "unit": "px",
                                    "top": "20",
                                    "right": "20",
                                    "bottom": "20",
                                    "left": "20",
                                    "isLinked": true
                                },
                                "_z_index": 2,
                                "_animation": "fadeIn",
                                "animation_duration": "slow"
                            },
                            "elements": [],
                            "isInner": false,
                            "widgetType": "image",
                            "elType": "widget"
                        }
                    ],
                    "isInner": false,
                    "elType": "column"
                },
                {
                    "id": "5aaba70a",
                    "settings": {
                        "_column_size": 50,
                        "_inline_size": null,
                        "margin": {
                            "unit": "px",
                            "top": "0",
                            "right": "0",
                            "bottom": "0",
                            "left": "50",
                            "isLinked": false
                        },
                        "animation_duration": "slow",
                        "_inline_size_tablet": 100,
                        "margin_tablet": {
                            "unit": "px",
                            "top": "0",
                            "right": "0",
                            "bottom": "0",
                            "left": "0",
                            "isLinked": false
                        }
                    },
                    "elements": [
                        {
                            "id": "6e9de1f1",
                            "settings": {
                                "space": {
                                    "unit": "px",
                                    "size": 35,
                                    "sizes": []
                                },
                                "space_tablet": {
                                    "unit": "px",
                                    "size": 20,
                                    "sizes": []
                                }
                            },
                            "elements": [],
                            "isInner": false,
                            "widgetType": "spacer",
                            "elType": "widget"
                        },
                        {
                            "id": "2d69a220",
                            "settings": {
                                "title": "Who We Are",
                                "header_size": "h6",
                                "align_tablet": "center",
                                "__globals__": {
                                    "typography_typography": "globals\/typography?id=1652c47"
                                }
                            },
                            "elements": [],
                            "isInner": false,
                            "widgetType": "heading",
                            "elType": "widget"
                        },
                        {
                            "id": "1cd0678b",
                            "settings": {
                                "title": "Great digital agency\nsince - 1980.",
                                "align_tablet": "center",
                                "__globals__": {
                                    "typography_typography": "globals\/typography?id=f488a9e"
                                }
                            },
                            "elements": [],
                            "isInner": false,
                            "widgetType": "heading",
                            "elType": "widget"
                        },
                        {
                            "id": "6e36de48",
                            "settings": {
                                "editor": "<p>There are many variations of passages of Lorem Ipsum available, but the majority have suffered alteration in some form, by injected humour.<\/p><p>If you are going to use a passage of Lorem Ipsum, you need to be sure there isn't anything embarrassing hidden.\u00a0<\/p>",
                                "align_tablet": "center"
                            },
                            "elements": [],
                            "isInner": false,
                            "widgetType": "text-editor",
                            "elType": "widget"
                        },
                        {
                            "id": "2254a83c",
                            "settings": {
                                "content_position": "middle",
                                "structure": "20",
                                "background_color": "#F6FFFD",
                                "background_color_b": "#FFFFFF",
                                "background_gradient_angle": {
                                    "unit": "deg",
                                    "size": 90,
                                    "sizes": []
                                },
                                "border_width": {
                                    "unit": "px",
                                    "top": "1",
                                    "right": "1",
                                    "bottom": "1",
                                    "left": "1",
                                    "isLinked": true
                                },
                                "border_color": "#EEEEEE",
                                "border_radius": {
                                    "unit": "px",
                                    "top": "20",
                                    "right": "20",
                                    "bottom": "20",
                                    "left": "20",
                                    "isLinked": true
                                },
                                "box_shadow_box_shadow": {
                                    "horizontal": 10,
                                    "vertical": 10,
                                    "blur": 50,
                                    "spread": 0,
                                    "color": "rgba(0, 0, 0, 0.05)"
                                },
                                "padding": {
                                    "unit": "em",
                                    "top": "",
                                    "right": "",
                                    "bottom": "",
                                    "left": "",
                                    "isLinked": false
                                }
                            },
                            "elements": [
                                {
                                    "id": "be41c49",
                                    "settings": {
                                        "_column_size": 50,
                                        "_inline_size": 65,
                                        "padding": {
                                            "unit": "px",
                                            "top": "0",
                                            "right": "0",
                                            "bottom": "0",
                                            "left": "0",
                                            "isLinked": false
                                        }
                                    },
                                    "elements": [
                                        {
                                            "id": "32c3637b",
                                            "settings": {
                                                "title_text": "Mary Pope",
                                                "description_text": "CEO & Founder TechUp",
                                                "title_size": "h6",
                                                "image": {
                                                    "url": "https:\/\/kits.pixel-show.com\/techup\/wp-content\/uploads\/sites\/20\/2020\/08\/2-min.png",
                                                    "id": 367
                                                },
                                                "link": {
                                                    "url": "#",
                                                    "is_external": "",
                                                    "nofollow": "",
                                                    "custom_attributes": ""
                                                },
                                                "content_vertical_alignment": "middle",
                                                "title_bottom_space": {
                                                    "unit": "px",
                                                    "size": -3,
                                                    "sizes": []
                                                },
                                                "position": "left",
                                                "image_space": {
                                                    "unit": "px",
                                                    "size": 20,
                                                    "sizes": []
                                                },
                                                "image_size": {
                                                    "unit": "%",
                                                    "size": 15,
                                                    "sizes": []
                                                },
                                                "text_align": "left",
                                                "image_space_mobile": {
                                                    "unit": "px",
                                                    "size": 8,
                                                    "sizes": []
                                                },
                                                "text_align_mobile": "center",
                                                "title_bottom_space_mobile": {
                                                    "unit": "px",
                                                    "size": 0,
                                                    "sizes": []
                                                },
                                                "__globals__": {
                                                    "title_color": "globals\/colors?id=primary",
                                                    "description_typography_typography": "globals\/typography?id=ecbf982",
                                                    "title_typography_typography": "globals\/typography?id=1652c47"
                                                }
                                            },
                                            "elements": [],
                                            "isInner": false,
                                            "widgetType": "image-box",
                                            "elType": "widget"
                                        }
                                    ],
                                    "isInner": true,
                                    "elType": "column"
                                },
                                {
                                    "id": "12d58142",
                                    "settings": {
                                        "_column_size": 50,
                                        "_inline_size": 34.603
                                    },
                                    "elements": [
                                        {
                                            "id": "34f316d2",
                                            "settings": {
                                                "image": {
                                                    "url": "https:\/\/kits.pixel-show.com\/techup\/wp-content\/uploads\/sites\/20\/2020\/08\/signature.png",
                                                    "id": 142
                                                },
                                                "image_size": "full",
                                                "align": "right",
                                                "width": {
                                                    "unit": "px",
                                                    "size": 90,
                                                    "sizes": []
                                                },
                                                "opacity": {
                                                    "unit": "px",
                                                    "size": 1,
                                                    "sizes": []
                                                },
                                                "align_mobile": "center"
                                            },
                                            "elements": [],
                                            "isInner": false,
                                            "widgetType": "image",
                                            "elType": "widget"
                                        }
                                    ],
                                    "isInner": true,
                                    "elType": "column"
                                }
                            ],
                            "isInner": true,
                            "elType": "section"
                        }
                    ],
                    "isInner": false,
                    "elType": "column"
                }
            ],
            "isInner": false,
            "elType": "section"
        },
        {
            "id": "63b8c035",
            "settings": {
                "margin_tablet": {
                    "unit": "px",
                    "top": "30",
                    "right": 0,
                    "bottom": "0",
                    "left": 0,
                    "isLinked": false
                }
            },
            "elements": [
                {
                    "id": "625cd8df",
                    "settings": {
                        "_column_size": 100,
                        "_inline_size": null
                    },
                    "elements": [
                        {
                            "id": "6ed4e638",
                            "settings": {
                                "structure": "40",
                                "margin": {
                                    "unit": "px",
                                    "top": "20",
                                    "right": 0,
                                    "bottom": "0",
                                    "left": 0,
                                    "isLinked": false
                                },
                                "border_border": "solid",
                                "border_width": {
                                    "unit": "px",
                                    "top": "1",
                                    "right": "1",
                                    "bottom": "1",
                                    "left": "1",
                                    "isLinked": true
                                },
                                "border_radius": {
                                    "unit": "px",
                                    "top": "20",
                                    "right": "20",
                                    "bottom": "20",
                                    "left": "20",
                                    "isLinked": true
                                },
                                "box_shadow_box_shadow": {
                                    "horizontal": 20,
                                    "vertical": 20,
                                    "blur": 60,
                                    "spread": 0,
                                    "color": "rgba(0, 0, 0, 0.13)"
                                },
                                "margin_mobile": {
                                    "unit": "px",
                                    "top": "0",
                                    "right": 0,
                                    "bottom": "0",
                                    "left": 0,
                                    "isLinked": false
                                },
                                "padding": {
                                    "unit": "px",
                                    "top": "40",
                                    "right": "40",
                                    "bottom": "40",
                                    "left": "40",
                                    "isLinked": true
                                },
                                "__globals__": {
                                    "border_color": "globals\/colors?id=6cfc453"
                                }
                            },
                            "elements": [
                                {
                                    "id": "70e403e3",
                                    "settings": {
                                        "_column_size": 25,
                                        "_inline_size": null,
                                        "_inline_size_tablet": 100
                                    },
                                    "elements": [
                                        {
                                            "id": "1a77b058",
                                            "settings": {
                                                "title": "Successful work\nwith",
                                                "header_size": "h6",
                                                "align": "center",
                                                "__globals__": {
                                                    "typography_typography": "globals\/typography?id=1652c47"
                                                }
                                            },
                                            "elements": [],
                                            "isInner": false,
                                            "widgetType": "heading",
                                            "elType": "widget"
                                        },
                                        {
                                            "id": "147176e6",
                                            "settings": {
                                                "title": "Clients Worldwide",
                                                "ending_number": 1.2,
                                                "suffix": " M",
                                                "thousand_separator": "",
                                                "thousand_separator_char": " ",
                                                "__globals__": {
                                                    "typography_number_typography": "globals\/typography?id=f3e6168",
                                                    "number_color": "globals\/colors?id=primary",
                                                    "title_color": "globals\/colors?id=text",
                                                    "typography_title_typography": "globals\/typography?id=accent"
                                                }
                                            },
                                            "elements": [],
                                            "isInner": false,
                                            "widgetType": "counter",
                                            "elType": "widget"
                                        }
                                    ],
                                    "isInner": true,
                                    "elType": "column"
                                },
                                {
                                    "id": "354d0032",
                                    "settings": {
                                        "_column_size": 25,
                                        "_inline_size": null,
                                        "_inline_size_tablet": 100,
                                        "margin_tablet": {
                                            "unit": "px",
                                            "top": "30",
                                            "right": "0",
                                            "bottom": "0",
                                            "left": "0",
                                            "isLinked": false
                                        }
                                    },
                                    "elements": [
                                        {
                                            "id": "67f594ea",
                                            "settings": {
                                                "title": "Successfully\ncompleted",
                                                "header_size": "h6",
                                                "align": "center",
                                                "__globals__": {
                                                    "typography_typography": "globals\/typography?id=1652c47"
                                                }
                                            },
                                            "elements": [],
                                            "isInner": false,
                                            "widgetType": "heading",
                                            "elType": "widget"
                                        },
                                        {
                                            "id": "45017ec4",
                                            "settings": {
                                                "title": "FINISHED PROJECTS",
                                                "ending_number": 98,
                                                "__globals__": {
                                                    "typography_number_typography": "globals\/typography?id=f3e6168",
                                                    "number_color": "globals\/colors?id=primary",
                                                    "title_color": "globals\/colors?id=text",
                                                    "typography_title_typography": "globals\/typography?id=accent"
                                                }
                                            },
                                            "elements": [],
                                            "isInner": false,
                                            "widgetType": "counter",
                                            "elType": "widget"
                                        }
                                    ],
                                    "isInner": true,
                                    "elType": "column"
                                },
                                {
                                    "id": "4b475327",
                                    "settings": {
                                        "_column_size": 25,
                                        "_inline_size": null,
                                        "_inline_size_tablet": 100,
                                        "margin_tablet": {
                                            "unit": "px",
                                            "top": "30",
                                            "right": "0",
                                            "bottom": "0",
                                            "left": "0",
                                            "isLinked": false
                                        }
                                    },
                                    "elements": [
                                        {
                                            "id": "989715d",
                                            "settings": {
                                                "title": "We have more\nthan",
                                                "header_size": "h6",
                                                "align": "center",
                                                "__globals__": {
                                                    "typography_typography": "globals\/typography?id=1652c47"
                                                }
                                            },
                                            "elements": [],
                                            "isInner": false,
                                            "widgetType": "heading",
                                            "elType": "widget"
                                        },
                                        {
                                            "id": "7c3b40b1",
                                            "settings": {
                                                "title": "SKILLED EXPERTS",
                                                "ending_number": 1246,
                                                "thousand_separator_char": ".",
                                                "__globals__": {
                                                    "typography_number_typography": "globals\/typography?id=f3e6168",
                                                    "number_color": "globals\/colors?id=primary",
                                                    "title_color": "globals\/colors?id=text",
                                                    "typography_title_typography": "globals\/typography?id=accent"
                                                }
                                            },
                                            "elements": [],
                                            "isInner": false,
                                            "widgetType": "counter",
                                            "elType": "widget"
                                        }
                                    ],
                                    "isInner": true,
                                    "elType": "column"
                                },
                                {
                                    "id": "346b8978",
                                    "settings": {
                                        "_column_size": 25,
                                        "_inline_size": null,
                                        "_inline_size_tablet": 100,
                                        "margin_tablet": {
                                            "unit": "px",
                                            "top": "30",
                                            "right": "0",
                                            "bottom": "0",
                                            "left": "0",
                                            "isLinked": false
                                        }
                                    },
                                    "elements": [
                                        {
                                            "id": "69e488cb",
                                            "settings": {
                                                "title": "Blog\nupdate",
                                                "header_size": "h6",
                                                "align": "center",
                                                "__globals__": {
                                                    "typography_typography": "globals\/typography?id=1652c47"
                                                }
                                            },
                                            "elements": [],
                                            "isInner": false,
                                            "widgetType": "heading",
                                            "elType": "widget"
                                        },
                                        {
                                            "id": "512ad406",
                                            "settings": {
                                                "title": "MEDIA POSTS",
                                                "ending_number": 980,
                                                "thousand_separator_char": ".",
                                                "__globals__": {
                                                    "typography_number_typography": "globals\/typography?id=f3e6168",
                                                    "number_color": "globals\/colors?id=primary",
                                                    "title_color": "globals\/colors?id=text",
                                                    "typography_title_typography": "globals\/typography?id=accent"
                                                }
                                            },
                                            "elements": [],
                                            "isInner": false,
                                            "widgetType": "counter",
                                            "elType": "widget"
                                        }
                                    ],
                                    "isInner": true,
                                    "elType": "column"
                                }
                            ],
                            "isInner": true,
                            "elType": "section"
                        }
                    ],
                    "isInner": false,
                    "elType": "column"
                }
            ],
            "isInner": false,
            "elType": "section"
        },
        {
            "id": "5230aac3",
            "settings": {
                "structure": "20",
                "padding": {
                    "unit": "px",
                    "top": "80",
                    "right": "0",
                    "bottom": "50",
                    "left": "0",
                    "isLinked": false
                },
                "margin_tablet": {
                    "unit": "%",
                    "top": "",
                    "right": 0,
                    "bottom": "",
                    "left": 0,
                    "isLinked": false
                },
                "padding_tablet": {
                    "unit": "px",
                    "top": "40",
                    "right": "40",
                    "bottom": "50",
                    "left": "40",
                    "isLinked": false
                },
                "padding_mobile": {
                    "unit": "px",
                    "top": "0",
                    "right": "20",
                    "bottom": "40",
                    "left": "20",
                    "isLinked": false
                }
            },
            "elements": [
                {
                    "id": "435a5b2b",
                    "settings": {
                        "_column_size": 50,
                        "_inline_size": null,
                        "margin": {
                            "unit": "px",
                            "top": "0",
                            "right": "70",
                            "bottom": "0",
                            "left": "0",
                            "isLinked": false
                        },
                        "_inline_size_tablet": 100,
                        "content_position": "center",
                        "margin_tablet": {
                            "unit": "px",
                            "top": "60",
                            "right": "0",
                            "bottom": "0",
                            "left": "0",
                            "isLinked": false
                        },
                        "padding_tablet": {
                            "unit": "px",
                            "top": "0",
                            "right": "0",
                            "bottom": "0",
                            "left": "0",
                            "isLinked": false
                        }
                    },
                    "elements": [
                        {
                            "id": "3f76e1df",
                            "settings": {
                                "title": "Our Skills",
                                "header_size": "h6",
                                "align_tablet": "center",
                                "__globals__": {
                                    "typography_typography": "globals\/typography?id=1652c47"
                                }
                            },
                            "elements": [],
                            "isInner": false,
                            "widgetType": "heading",
                            "elType": "widget"
                        },
                        {
                            "id": "5176cab6",
                            "settings": {
                                "title": "Meet our main skills",
                                "align_tablet": "center",
                                "__globals__": {
                                    "typography_typography": "globals\/typography?id=f488a9e"
                                }
                            },
                            "elements": [],
                            "isInner": false,
                            "widgetType": "heading",
                            "elType": "widget"
                        },
                        {
                            "id": "2fa2cfaf",
                            "settings": {
                                "align_tablet": "center",
                                "editor": "<p>Lorem ipsum dolor sit amet, consectetur adipiscing elit. Ut elit tellus, luctus nec ullamcorper mattis, pulvinar dapibus.<\/p>"
                            },
                            "elements": [],
                            "isInner": false,
                            "widgetType": "text-editor",
                            "elType": "widget"
                        },
                        {
                            "id": "3e1362fd",
                            "settings": {
                                "margin": {
                                    "unit": "px",
                                    "top": "0",
                                    "right": 0,
                                    "bottom": "0",
                                    "left": 0,
                                    "isLinked": false
                                }
                            },
                            "elements": [
                                {
                                    "id": "35984f6a",
                                    "settings": {
                                        "_column_size": 100,
                                        "_inline_size": null,
                                        "_inline_size_tablet": 100
                                    },
                                    "elements": [
                                        {
                                            "id": "53d7df2e",
                                            "settings": {
                                                "title": "Social Media Marketing",
                                                "inner_text": "",
                                                "percent": {
                                                    "unit": "%",
                                                    "size": 90,
                                                    "sizes": []
                                                },
                                                "display_percentage": "hide",
                                                "bar_height": {
                                                    "unit": "px",
                                                    "size": 6,
                                                    "sizes": []
                                                },
                                                "bar_border_radius": {
                                                    "unit": "px",
                                                    "size": 8,
                                                    "sizes": []
                                                },
                                                "__globals__": {
                                                    "bar_color": "globals\/colors?id=3be184b",
                                                    "bar_bg_color": "globals\/colors?id=bd09eb7",
                                                    "bar_inline_color": "globals\/colors?id=primary",
                                                    "typography_typography": "globals\/typography?id=ecbf982",
                                                    "title_color": "globals\/colors?id=primary"
                                                }
                                            },
                                            "elements": [],
                                            "isInner": false,
                                            "widgetType": "progress",
                                            "elType": "widget"
                                        },
                                        {
                                            "id": "6309b5ec",
                                            "settings": {
                                                "title": "Web Development",
                                                "inner_text": "",
                                                "percent": {
                                                    "unit": "%",
                                                    "size": 80,
                                                    "sizes": []
                                                },
                                                "display_percentage": "hide",
                                                "bar_height": {
                                                    "unit": "px",
                                                    "size": 6,
                                                    "sizes": []
                                                },
                                                "bar_border_radius": {
                                                    "unit": "px",
                                                    "size": 8,
                                                    "sizes": []
                                                },
                                                "__globals__": {
                                                    "bar_color": "globals\/colors?id=178f2a9",
                                                    "bar_bg_color": "globals\/colors?id=bd09eb7",
                                                    "bar_inline_color": "globals\/colors?id=primary",
                                                    "typography_typography": "globals\/typography?id=ecbf982",
                                                    "title_color": "globals\/colors?id=primary"
                                                }
                                            },
                                            "elements": [],
                                            "isInner": false,
                                            "widgetType": "progress",
                                            "elType": "widget"
                                        },
                                        {
                                            "id": "1497638f",
                                            "settings": {
                                                "title": "Web Design",
                                                "inner_text": "",
                                                "percent": {
                                                    "unit": "%",
                                                    "size": 95,
                                                    "sizes": []
                                                },
                                                "display_percentage": "hide",
                                                "bar_height": {
                                                    "unit": "px",
                                                    "size": 6,
                                                    "sizes": []
                                                },
                                                "bar_border_radius": {
                                                    "unit": "px",
                                                    "size": 8,
                                                    "sizes": []
                                                },
                                                "__globals__": {
                                                    "bar_color": "globals\/colors?id=accent",
                                                    "bar_bg_color": "globals\/colors?id=bd09eb7",
                                                    "bar_inline_color": "globals\/colors?id=primary",
                                                    "typography_typography": "globals\/typography?id=ecbf982",
                                                    "title_color": "globals\/colors?id=primary"
                                                }
                                            },
                                            "elements": [],
                                            "isInner": false,
                                            "widgetType": "progress",
                                            "elType": "widget"
                                        }
                                    ],
                                    "isInner": true,
                                    "elType": "column"
                                }
                            ],
                            "isInner": true,
                            "elType": "section"
                        }
                    ],
                    "isInner": false,
                    "elType": "column"
                },
                {
                    "id": "70d9fd94",
                    "settings": {
                        "_column_size": 50,
                        "_inline_size": null,
                        "_inline_size_tablet": 100,
                        "content_position": "center",
                        "margin_tablet": {
                            "unit": "px",
                            "top": "40",
                            "right": "0",
                            "bottom": "0",
                            "left": "0",
                            "isLinked": false
                        },
                        "margin_mobile": {
                            "unit": "px",
                            "top": "30",
                            "right": "0",
                            "bottom": "0",
                            "left": "0",
                            "isLinked": false
                        }
                    },
                    "elements": [
                        {
                            "id": "1a612d3e",
                            "settings": {
                                "image": {
                                    "url": "https:\/\/kits.pixel-show.com\/techup\/wp-content\/uploads\/sites\/20\/2020\/08\/creative-business-people-discussing-over-digital-t-KL7SHQF.jpg",
                                    "id": 189
                                },
                                "image_border_radius": {
                                    "unit": "px",
                                    "top": "20",
                                    "right": "20",
                                    "bottom": "20",
                                    "left": "20",
                                    "isLinked": true
                                },
                                "_z_index": 2,
                                "_animation": "fadeIn",
                                "animation_duration": "slow",
                                "image_size": "custom",
                                "image_custom_dimension": {
                                    "width": "1000",
                                    "height": "800"
                                }
                            },
                            "elements": [],
                            "isInner": false,
                            "widgetType": "image",
                            "elType": "widget"
                        },
                        {
                            "id": "1d3498ba",
                            "settings": {
                                "content_width": {
                                    "unit": "px",
                                    "size": 380,
                                    "sizes": []
                                },
                                "structure": "20",
                                "margin": {
                                    "unit": "px",
                                    "top": "-250",
                                    "right": 0,
                                    "bottom": "-150",
                                    "left": 0,
                                    "isLinked": false
                                },
                                "z_index": 13,
                                "margin_mobile": {
                                    "unit": "px",
                                    "top": "0",
                                    "right": 0,
                                    "bottom": "0",
                                    "left": 0,
                                    "isLinked": false
                                }
                            },
                            "elements": [
                                {
                                    "id": "5e43b53f",
                                    "settings": {
                                        "_column_size": 50,
                                        "_inline_size": 74.5,
                                        "content_position": "center",
                                        "background_background": "classic",
                                        "background_color": "#FFFFFF",
                                        "border_radius": {
                                            "unit": "px",
                                            "top": "8",
                                            "right": "8",
                                            "bottom": "8",
                                            "left": "8",
                                            "isLinked": true
                                        },
                                        "box_shadow_box_shadow_type": "yes",
                                        "box_shadow_box_shadow": {
                                            "horizontal": 0,
                                            "vertical": 0,
                                            "blur": 50,
                                            "spread": 0,
                                            "color": "rgba(0, 0, 0, 0.05)"
                                        },
                                        "margin": {
                                            "unit": "px",
                                            "top": "50",
                                            "right": "-130",
                                            "bottom": "0",
                                            "left": "130",
                                            "isLinked": false
                                        },
                                        "padding": {
                                            "unit": "px",
                                            "top": "20",
                                            "right": "40",
                                            "bottom": "20",
                                            "left": "40",
                                            "isLinked": false
                                        },
                                        "z_index": 1,
                                        "motion_fx_motion_fx_mouse": "yes",
                                        "motion_fx_tilt_effect": "yes",
                                        "motion_fx_tilt_direction": "negative",
                                        "motion_fx_tilt_speed": {
                                            "unit": "px",
                                            "size": 2,
                                            "sizes": []
                                        },
                                        "animation": "bounceIn",
                                        "animation_duration": "slow",
                                        "animation_delay": 800,
                                        "margin_mobile": {
                                            "unit": "px",
                                            "top": "0",
                                            "right": "0",
                                            "bottom": "0",
                                            "left": "0",
                                            "isLinked": false
                                        }
                                    },
                                    "elements": [
                                        {
                                            "id": "318828a8",
                                            "settings": {
                                                "title": "Write to us.",
                                                "header_size": "h6",
                                                "__globals__": {
                                                    "typography_typography": "globals\/typography?id=1652c47"
                                                }
                                            },
                                            "elements": [],
                                            "isInner": false,
                                            "widgetType": "heading",
                                            "elType": "widget"
                                        },
                                        {
                                            "id": "33e73b79",
                                            "settings": {
                                                "title": "What can we do?",
                                                "header_size": "h5",
                                                "_margin": {
                                                    "unit": "px",
                                                    "top": "-10",
                                                    "right": "0",
                                                    "bottom": "0",
                                                    "left": "0",
                                                    "isLinked": false
                                                },
                                                "__globals__": {
                                                    "typography_typography": "globals\/typography?id=ee3075e"
                                                }
                                            },
                                            "elements": [],
                                            "isInner": false,
                                            "widgetType": "heading",
                                            "elType": "widget"
                                        }
                                    ],
                                    "isInner": true,
                                    "elType": "column"
                                },
                                {
                                    "id": "7da0cb7c",
                                    "settings": {
                                        "_column_size": 50,
                                        "_inline_size": 25.5,
                                        "margin": {
                                            "unit": "px",
                                            "top": "0",
                                            "right": "-80",
                                            "bottom": "0",
                                            "left": "80",
                                            "isLinked": false
                                        },
                                        "margin_mobile": {
                                            "unit": "px",
                                            "top": "-120",
                                            "right": "0",
                                            "bottom": "0",
                                            "left": "0",
                                            "isLinked": false
                                        }
                                    },
                                    "elements": [
                                        {
                                            "id": "175be637",
                                            "settings": {
                                                "image": {
                                                    "url": "https:\/\/kits.pixel-show.com\/techup\/wp-content\/uploads\/sites\/20\/2020\/08\/check-pink.png",
                                                    "id": 100
                                                },
                                                "_z_index": 2,
                                                "_animation": "bounceIn",
                                                "animation_duration": "slow",
                                                "_animation_delay": 1200,
                                                "align_mobile": "left",
                                                "width_mobile": {
                                                    "unit": "px",
                                                    "size": 50,
                                                    "sizes": []
                                                },
                                                "_margin_mobile": {
                                                    "unit": "px",
                                                    "top": "0",
                                                    "right": "0",
                                                    "bottom": "-40",
                                                    "left": "-30",
                                                    "isLinked": false
                                                }
                                            },
                                            "elements": [],
                                            "isInner": false,
                                            "widgetType": "image",
                                            "elType": "widget"
                                        }
                                    ],
                                    "isInner": true,
                                    "elType": "column"
                                }
                            ],
                            "isInner": true,
                            "elType": "section"
                        }
                    ],
                    "isInner": false,
                    "elType": "column"
                }
            ],
            "isInner": false,
            "elType": "section"
        }
    ],
    "page_settings": {
        "hide_title": "yes"
    }
}