{
    "version": "0.4",
    "title": "Contact",
    "type": "page",
    "metadata": {
        "template_type": "single-page",
        "include_in_zip": "1",
        "elementor_pro_required": "1",
        "wp_page_template": "default"
    },
    "content": [
        {
            "id": "688a8f94",
            "settings": {
                "padding": {
                    "unit": "px",
                    "top": "150",
                    "right": "0",
                    "bottom": "0",
                    "left": "0",
                    "isLinked": false
                },
                "background_background": "classic",
                "margin": {
                    "unit": "px",
                    "top": "0",
                    "right": 0,
                    "bottom": "0",
                    "left": 0,
                    "isLinked": false
                },
                "padding_tablet": {
                    "unit": "px",
                    "top": "150",
                    "right": "40",
                    "bottom": "20",
                    "left": "40",
                    "isLinked": false
                },
                "padding_mobile": {
                    "unit": "px",
                    "top": "130",
                    "right": "20",
                    "bottom": "0",
                    "left": "20",
                    "isLinked": false
                }
            },
            "elements": [
                {
                    "id": "7c8062d0",
                    "settings": {
                        "_column_size": 100,
                        "_inline_size": null
                    },
                    "elements": [
                        {
                            "id": "4108a019",
                            "settings": {
                                "title": "Contact",
                                "header_size": "h1",
                                "align": "center",
                                "_margin": {
                                    "unit": "px",
                                    "top": "0",
                                    "right": "0",
                                    "bottom": "40",
                                    "left": "0",
                                    "isLinked": false
                                },
                                "_margin_tablet": {
                                    "unit": "px",
                                    "top": "0",
                                    "right": "0",
                                    "bottom": "0",
                                    "left": "0",
                                    "isLinked": false
                                },
                                "__globals__": {
                                    "typography_typography": "globals\/typography?id=0e93510"
                                }
                            },
                            "elements": [],
                            "isInner": false,
                            "widgetType": "heading",
                            "elType": "widget"
                        }
                    ],
                    "isInner": false,
                    "elType": "column"
                }
            ],
            "isInner": false,
            "elType": "section"
        },
        {
            "id": "2519eecf",
            "settings": {
                "background_overlay_background": "classic",
                "background_overlay_image": {
                    "url": "https:\/\/kits.pixel-show.com\/techup\/wp-content\/uploads\/sites\/20\/2020\/08\/map-3.jpg",
                    "id": 106
                },
                "background_overlay_position": "center center",
                "background_overlay_repeat": "no-repeat",
                "background_overlay_size": "contain",
                "background_overlay_opacity": {
                    "unit": "px",
                    "size": 0.3,
                    "sizes": []
                },
                "margin_tablet": {
                    "unit": "px",
                    "top": "0",
                    "right": 0,
                    "bottom": "0",
                    "left": 0,
                    "isLinked": false
                },
                "padding": {
                    "unit": "px",
                    "top": "80",
                    "right": "0",
                    "bottom": "80",
                    "left": "0",
                    "isLinked": false
                },
                "padding_tablet": {
                    "unit": "px",
                    "top": "0",
                    "right": "40",
                    "bottom": "0",
                    "left": "40",
                    "isLinked": false
                },
                "padding_mobile": {
                    "unit": "px",
                    "top": "20",
                    "right": "20",
                    "bottom": "0",
                    "left": "20",
                    "isLinked": false
                }
            },
            "elements": [
                {
                    "id": "3e7f87b8",
                    "settings": {
                        "_column_size": 100,
                        "_inline_size": null,
                        "content_position": "center",
                        "margin": {
                            "unit": "%",
                            "top": "",
                            "right": "",
                            "bottom": "",
                            "left": "",
                            "isLinked": false
                        },
                        "padding": {
                            "unit": "px",
                            "top": "0",
                            "right": "0",
                            "bottom": "0",
                            "left": "0",
                            "isLinked": false
                        }
                    },
                    "elements": [
                        {
                            "id": "19ecb403",
                            "settings": {
                                "structure": "20"
                            },
                            "elements": [
                                {
                                    "id": "197c950",
                                    "settings": {
                                        "_column_size": 50,
                                        "_inline_size": null,
                                        "_inline_size_tablet": 100,
                                        "content_position": "center",
                                        "margin": {
                                            "unit": "px",
                                            "top": "0",
                                            "right": "60",
                                            "bottom": "0",
                                            "left": "0",
                                            "isLinked": false
                                        },
                                        "margin_tablet": {
                                            "unit": "px",
                                            "top": "0",
                                            "right": "0",
                                            "bottom": "0",
                                            "left": "0",
                                            "isLinked": false
                                        },
                                        "padding_tablet": {
                                            "unit": "em",
                                            "top": "",
                                            "right": "",
                                            "bottom": "",
                                            "left": "",
                                            "isLinked": false
                                        }
                                    },
                                    "elements": [
                                        {
                                            "id": "7c8c025",
                                            "settings": {
                                                "title": "To make requests for further information, contact us via our social channels.",
                                                "header_size": "h4",
                                                "align_tablet": "center",
                                                "__globals__": {
                                                    "typography_typography": "globals\/typography?id=c6f135d"
                                                }
                                            },
                                            "elements": [],
                                            "isInner": false,
                                            "widgetType": "heading",
                                            "elType": "widget"
                                        },
                                        {
                                            "id": "36e5baf8",
                                            "settings": {
                                                "editor": "<p>We just need a couple of hours!<br \/>No more than 2 working days since receiving your issue ticket.<\/p>",
                                                "align_tablet": "center"
                                            },
                                            "elements": [],
                                            "isInner": false,
                                            "widgetType": "text-editor",
                                            "elType": "widget"
                                        }
                                    ],
                                    "isInner": true,
                                    "elType": "column"
                                },
                                {
                                    "id": "749eb973",
                                    "settings": {
                                        "_column_size": 50,
                                        "_inline_size": null,
                                        "_inline_size_tablet": 100,
                                        "margin_tablet": {
                                            "unit": "px",
                                            "top": "40",
                                            "right": "0",
                                            "bottom": "0",
                                            "left": "0",
                                            "isLinked": false
                                        },
                                        "margin_mobile": {
                                            "unit": "px",
                                            "top": "0",
                                            "right": "0",
                                            "bottom": "0",
                                            "left": "0",
                                            "isLinked": false
                                        }
                                    },
                                    "elements": [
                                        {
                                            "id": "7101b469",
                                            "settings": {
                                                "form_name": "New Form",
                                                "form_fields": [
                                                    {
                                                        "custom_id": "name",
                                                        "field_label": "Name *",
                                                        "placeholder": "Name *",
                                                        "width": "50",
                                                        "_id": "07e4dcf",
                                                        "required": "true"
                                                    },
                                                    {
                                                        "custom_id": "email",
                                                        "field_type": "email",
                                                        "required": "true",
                                                        "field_label": "Email",
                                                        "placeholder": "Email *",
                                                        "width": "50",
                                                        "_id": "584d349"
                                                    },
                                                    {
                                                        "custom_id": "field_1",
                                                        "field_label": "Subject *",
                                                        "placeholder": "Subject *",
                                                        "required": "true",
                                                        "_id": "32b7cff"
                                                    },
                                                    {
                                                        "custom_id": "message",
                                                        "field_type": "textarea",
                                                        "field_label": "Message",
                                                        "placeholder": "Please describe what you need.",
                                                        "_id": "93fd019"
                                                    }
                                                ],
                                                "show_labels": "",
                                                "button_text": "Send Message",
                                                "email_content": "[all-fields]",
                                                "email_content_2": "[all-fields]",
                                                "success_message": "The form was sent successfully.",
                                                "error_message": "An error occured.",
                                                "required_field_message": "This field is required.",
                                                "invalid_message": "There's something wrong. The form is invalid.",
                                                "step_next_label": "Next",
                                                "step_previous_label": "Previous",
                                                "__globals__": {
                                                    "button_text_color": "globals\/colors?id=3b4ed14",
                                                    "button_background_hover_color": "globals\/colors?id=accent"
                                                }
                                            },
                                            "elements": [],
                                            "isInner": false,
                                            "widgetType": "form",
                                            "elType": "widget"
                                        }
                                    ],
                                    "isInner": true,
                                    "elType": "column"
                                }
                            ],
                            "isInner": true,
                            "elType": "section"
                        },
                        {
                            "id": "5dd71655",
                            "settings": {
                                "structure": "30",
                                "margin_tablet": {
                                    "unit": "px",
                                    "top": "0",
                                    "right": 0,
                                    "bottom": "0",
                                    "left": 0,
                                    "isLinked": false
                                },
                                "padding": {
                                    "unit": "px",
                                    "top": "80",
                                    "right": "0",
                                    "bottom": "0",
                                    "left": "0",
                                    "isLinked": false
                                },
                                "padding_tablet": {
                                    "unit": "px",
                                    "top": "40",
                                    "right": "0",
                                    "bottom": "40",
                                    "left": "0",
                                    "isLinked": false
                                }
                            },
                            "elements": [
                                {
                                    "id": "535cb5c",
                                    "settings": {
                                        "_column_size": 33,
                                        "_inline_size": null,
                                        "_inline_size_tablet": 100,
                                        "margin": {
                                            "unit": "px",
                                            "top": "0",
                                            "right": "60",
                                            "bottom": "0",
                                            "left": "0",
                                            "isLinked": false
                                        },
                                        "margin_tablet": {
                                            "unit": "px",
                                            "top": "0",
                                            "right": "0",
                                            "bottom": "0",
                                            "left": "0",
                                            "isLinked": false
                                        }
                                    },
                                    "elements": [
                                        {
                                            "id": "4a84a4b2",
                                            "settings": {
                                                "title": "San Francisco",
                                                "header_size": "h5",
                                                "align_tablet": "center",
                                                "__globals__": {
                                                    "typography_typography": "globals\/typography?id=ee3075e"
                                                }
                                            },
                                            "elements": [],
                                            "isInner": false,
                                            "widgetType": "heading",
                                            "elType": "widget"
                                        },
                                        {
                                            "id": "3eb300ff",
                                            "settings": {
                                                "title": "58 Howard Street #2 San Francisco",
                                                "header_size": "h6",
                                                "align_tablet": "center",
                                                "__globals__": {
                                                    "typography_typography": "globals\/typography?id=1652c47"
                                                }
                                            },
                                            "elements": [],
                                            "isInner": false,
                                            "widgetType": "heading",
                                            "elType": "widget"
                                        },
                                        {
                                            "id": "2365258",
                                            "settings": {
                                                "title": "+7 (928)-123-45-45\n",
                                                "header_size": "h6",
                                                "align_tablet": "center",
                                                "__globals__": {
                                                    "typography_typography": "globals\/typography?id=1652c47"
                                                }
                                            },
                                            "elements": [],
                                            "isInner": false,
                                            "widgetType": "heading",
                                            "elType": "widget"
                                        },
                                        {
                                            "id": "3e54e3d3",
                                            "settings": {
                                                "editor": "<p><a href=\"#\">hello@yourdomain.co<\/a><\/p>",
                                                "align_tablet": "center",
                                                "_margin": {
                                                    "unit": "px",
                                                    "top": "-5",
                                                    "right": "0",
                                                    "bottom": "0",
                                                    "left": "0",
                                                    "isLinked": false
                                                }
                                            },
                                            "elements": [],
                                            "isInner": false,
                                            "widgetType": "text-editor",
                                            "elType": "widget"
                                        }
                                    ],
                                    "isInner": true,
                                    "elType": "column"
                                },
                                {
                                    "id": "766869bc",
                                    "settings": {
                                        "_column_size": 33,
                                        "_inline_size": null,
                                        "_inline_size_tablet": 100,
                                        "margin": {
                                            "unit": "px",
                                            "top": "0",
                                            "right": "60",
                                            "bottom": "0",
                                            "left": "0",
                                            "isLinked": false
                                        },
                                        "margin_tablet": {
                                            "unit": "px",
                                            "top": "30",
                                            "right": "0",
                                            "bottom": "0",
                                            "left": "0",
                                            "isLinked": false
                                        }
                                    },
                                    "elements": [
                                        {
                                            "id": "4aee46c2",
                                            "settings": {
                                                "title": "New York\n",
                                                "header_size": "h5",
                                                "align_tablet": "center",
                                                "__globals__": {
                                                    "typography_typography": "globals\/typography?id=ee3075e"
                                                }
                                            },
                                            "elements": [],
                                            "isInner": false,
                                            "widgetType": "heading",
                                            "elType": "widget"
                                        },
                                        {
                                            "id": "44b3d69d",
                                            "settings": {
                                                "title": "58 Howard Street #2 New York",
                                                "header_size": "h6",
                                                "align_tablet": "center",
                                                "__globals__": {
                                                    "typography_typography": "globals\/typography?id=1652c47"
                                                }
                                            },
                                            "elements": [],
                                            "isInner": false,
                                            "widgetType": "heading",
                                            "elType": "widget"
                                        },
                                        {
                                            "id": "15714708",
                                            "settings": {
                                                "title": "+7 (928)-123-45-45\n",
                                                "header_size": "h6",
                                                "align_tablet": "center",
                                                "__globals__": {
                                                    "typography_typography": "globals\/typography?id=1652c47"
                                                }
                                            },
                                            "elements": [],
                                            "isInner": false,
                                            "widgetType": "heading",
                                            "elType": "widget"
                                        },
                                        {
                                            "id": "4071f47f",
                                            "settings": {
                                                "editor": "<p><a href=\"#\">hello@yourdomain.co<\/a><\/p>",
                                                "align_tablet": "center",
                                                "_margin": {
                                                    "unit": "px",
                                                    "top": "-5",
                                                    "right": "0",
                                                    "bottom": "0",
                                                    "left": "0",
                                                    "isLinked": false
                                                }
                                            },
                                            "elements": [],
                                            "isInner": false,
                                            "widgetType": "text-editor",
                                            "elType": "widget"
                                        }
                                    ],
                                    "isInner": true,
                                    "elType": "column"
                                },
                                {
                                    "id": "785fabfa",
                                    "settings": {
                                        "_column_size": 33,
                                        "_inline_size": null,
                                        "_inline_size_tablet": 100,
                                        "margin": {
                                            "unit": "px",
                                            "top": "0",
                                            "right": "60",
                                            "bottom": "0",
                                            "left": "0",
                                            "isLinked": false
                                        },
                                        "margin_tablet": {
                                            "unit": "px",
                                            "top": "30",
                                            "right": "0",
                                            "bottom": "0",
                                            "left": "0",
                                            "isLinked": false
                                        }
                                    },
                                    "elements": [
                                        {
                                            "id": "2877933c",
                                            "settings": {
                                                "title": "London",
                                                "header_size": "h5",
                                                "align_tablet": "center",
                                                "__globals__": {
                                                    "typography_typography": "globals\/typography?id=ee3075e"
                                                }
                                            },
                                            "elements": [],
                                            "isInner": false,
                                            "widgetType": "heading",
                                            "elType": "widget"
                                        },
                                        {
                                            "id": "59aa9695",
                                            "settings": {
                                                "title": "58 Howard Street #2 London\n",
                                                "header_size": "h6",
                                                "align_tablet": "center",
                                                "__globals__": {
                                                    "typography_typography": "globals\/typography?id=1652c47"
                                                }
                                            },
                                            "elements": [],
                                            "isInner": false,
                                            "widgetType": "heading",
                                            "elType": "widget"
                                        },
                                        {
                                            "id": "6ea45360",
                                            "settings": {
                                                "title": "+7 (928)-123-45-45\n",
                                                "header_size": "h6",
                                                "align_tablet": "center",
                                                "__globals__": {
                                                    "typography_typography": "globals\/typography?id=1652c47"
                                                }
                                            },
                                            "elements": [],
                                            "isInner": false,
                                            "widgetType": "heading",
                                            "elType": "widget"
                                        },
                                        {
                                            "id": "510f040d",
                                            "settings": {
                                                "editor": "<p><a href=\"#\">hello@yourdomain.co<\/a><\/p>",
                                                "align_tablet": "center",
                                                "_margin": {
                                                    "unit": "px",
                                                    "top": "-5",
                                                    "right": "0",
                                                    "bottom": "0",
                                                    "left": "0",
                                                    "isLinked": false
                                                }
                                            },
                                            "elements": [],
                                            "isInner": false,
                                            "widgetType": "text-editor",
                                            "elType": "widget"
                                        }
                                    ],
                                    "isInner": true,
                                    "elType": "column"
                                }
                            ],
                            "isInner": true,
                            "elType": "section"
                        }
                    ],
                    "isInner": false,
                    "elType": "column"
                }
            ],
            "isInner": false,
            "elType": "section"
        }
    ],
    "page_settings": {
        "hide_title": "yes"
    }
}