{
    "version": "0.4",
    "title": "FAQs",
    "type": "page",
    "metadata": {
        "template_type": "single-page",
        "include_in_zip": "1",
        "elementor_pro_required": "1",
        "wp_page_template": "default"
    },
    "content": [
        {
            "id": "9e9efe8",
            "settings": {
                "padding": {
                    "unit": "px",
                    "top": "150",
                    "right": "0",
                    "bottom": "0",
                    "left": "0",
                    "isLinked": false
                },
                "background_background": "classic",
                "margin": {
                    "unit": "px",
                    "top": "0",
                    "right": 0,
                    "bottom": "0",
                    "left": 0,
                    "isLinked": false
                },
                "padding_tablet": {
                    "unit": "px",
                    "top": "150",
                    "right": "40",
                    "bottom": "20",
                    "left": "40",
                    "isLinked": false
                },
                "padding_mobile": {
                    "unit": "px",
                    "top": "130",
                    "right": "20",
                    "bottom": "0",
                    "left": "20",
                    "isLinked": false
                }
            },
            "elements": [
                {
                    "id": "5da37cc5",
                    "settings": {
                        "_column_size": 100,
                        "_inline_size": null
                    },
                    "elements": [
                        {
                            "id": "12e88ba0",
                            "settings": {
                                "title": "FAQs",
                                "header_size": "h1",
                                "align": "center",
                                "_margin": {
                                    "unit": "px",
                                    "top": "0",
                                    "right": "0",
                                    "bottom": "40",
                                    "left": "0",
                                    "isLinked": false
                                },
                                "_margin_tablet": {
                                    "unit": "px",
                                    "top": "0",
                                    "right": "0",
                                    "bottom": "0",
                                    "left": "0",
                                    "isLinked": false
                                },
                                "__globals__": {
                                    "typography_typography": "globals\/typography?id=0e93510"
                                }
                            },
                            "elements": [],
                            "isInner": false,
                            "widgetType": "heading",
                            "elType": "widget"
                        }
                    ],
                    "isInner": false,
                    "elType": "column"
                }
            ],
            "isInner": false,
            "elType": "section"
        },
        {
            "id": "7d647f4a",
            "settings": {
                "content_width": {
                    "unit": "px",
                    "size": 600,
                    "sizes": []
                },
                "padding": {
                    "unit": "px",
                    "top": "50",
                    "right": "0",
                    "bottom": "0",
                    "left": "0",
                    "isLinked": false
                },
                "padding_mobile": {
                    "unit": "px",
                    "top": "40",
                    "right": "20",
                    "bottom": "0",
                    "left": "20",
                    "isLinked": false
                }
            },
            "elements": [
                {
                    "id": "c216115",
                    "settings": {
                        "_column_size": 100,
                        "_inline_size": null
                    },
                    "elements": [
                        {
                            "id": "4afc20d6",
                            "settings": {
                                "title": "Style 01",
                                "header_size": "h6",
                                "align": "center",
                                "__globals__": {
                                    "typography_typography": "globals\/typography?id=1652c47"
                                }
                            },
                            "elements": [],
                            "isInner": false,
                            "widgetType": "heading",
                            "elType": "widget"
                        },
                        {
                            "id": "6225498b",
                            "settings": {
                                "title": "Frequently asked questions\n",
                                "align": "center",
                                "__globals__": {
                                    "typography_typography": "globals\/typography?id=f488a9e"
                                }
                            },
                            "elements": [],
                            "isInner": false,
                            "widgetType": "heading",
                            "elType": "widget"
                        }
                    ],
                    "isInner": false,
                    "elType": "column"
                }
            ],
            "isInner": false,
            "elType": "section"
        },
        {
            "id": "6f96d9f3",
            "settings": {
                "structure": "20",
                "margin": {
                    "unit": "px",
                    "top": "50",
                    "right": 0,
                    "bottom": "0",
                    "left": 0,
                    "isLinked": false
                },
                "padding_tablet": {
                    "unit": "px",
                    "top": "0",
                    "right": "40",
                    "bottom": "0",
                    "left": "40",
                    "isLinked": false
                },
                "padding_mobile": {
                    "unit": "px",
                    "top": "0",
                    "right": "20",
                    "bottom": "0",
                    "left": "20",
                    "isLinked": false
                }
            },
            "elements": [
                {
                    "id": "75ae8ba6",
                    "settings": {
                        "_column_size": 50,
                        "_inline_size": null,
                        "_inline_size_tablet": 100,
                        "margin": {
                            "unit": "px",
                            "top": "0",
                            "right": "30",
                            "bottom": "0",
                            "left": "0",
                            "isLinked": false
                        },
                        "margin_tablet": {
                            "unit": "px",
                            "top": "0",
                            "right": "0",
                            "bottom": "0",
                            "left": "0",
                            "isLinked": false
                        }
                    },
                    "elements": [
                        {
                            "id": "121e597d",
                            "settings": {
                                "tabs": [
                                    {
                                        "tab_title": "How can we help your business?",
                                        "tab_content": "<p>Lorem ipsum dolor sit amet, consectetur adipiscing elit, sed do eiusmod tempor incididunt ut labore et dolore magna aliqua. Ut enim ad minim veniam, quis nostrud exercitation ullamco laboris nisi ut aliquip ex ea commodo consequat.<\/p>",
                                        "_id": "f2d71ec"
                                    },
                                    {
                                        "tab_title": "What are the best advantages of TechUp?",
                                        "tab_content": "<p>Lorem ipsum dolor sit amet, consectetur adipiscing elit, sed do eiusmod tempor incididunt ut labore et dolore magna aliqua. Ut enim ad minim veniam, quis nostrud exercitation ullamco laboris nisi ut aliquip ex ea commodo consequat.<\/p>",
                                        "_id": "97d6e88"
                                    },
                                    {
                                        "tab_title": "How working process is simplified?",
                                        "tab_content": "<p>Lorem ipsum dolor sit amet, consectetur adipiscing elit, sed do eiusmod tempor incididunt ut labore et dolore magna aliqua. Ut enim ad minim veniam, quis nostrud exercitation ullamco laboris nisi ut aliquip ex ea commodo consequat.<\/p>",
                                        "_id": "40664d8"
                                    }
                                ],
                                "selected_icon": {
                                    "value": "icon icon-chevron-down",
                                    "library": "ekiticons"
                                },
                                "selected_active_icon": {
                                    "value": "icon icon-chevron-up",
                                    "library": "ekiticons"
                                },
                                "border_width": {
                                    "unit": "px",
                                    "size": 1,
                                    "sizes": []
                                },
                                "space_between": {
                                    "unit": "px",
                                    "size": 20,
                                    "sizes": []
                                },
                                "box_shadow_box_shadow": {
                                    "horizontal": 10,
                                    "vertical": 10,
                                    "blur": 20,
                                    "spread": 0,
                                    "color": "rgba(0, 0, 0, 0.03)"
                                },
                                "title_padding": {
                                    "unit": "px",
                                    "top": "10",
                                    "right": "0",
                                    "bottom": "20",
                                    "left": "0",
                                    "isLinked": false
                                },
                                "icon_align": "right",
                                "icon_space": {
                                    "unit": "px",
                                    "size": 20,
                                    "sizes": []
                                },
                                "content_padding": {
                                    "unit": "px",
                                    "top": "0",
                                    "right": "0",
                                    "bottom": "10",
                                    "left": "0",
                                    "isLinked": false
                                },
                                "__globals__": {
                                    "border_color": "globals\/colors?id=6cfc453",
                                    "tab_active_color": "globals\/colors?id=accent",
                                    "icon_active_color": "globals\/colors?id=accent"
                                }
                            },
                            "elements": [],
                            "isInner": false,
                            "widgetType": "toggle",
                            "elType": "widget"
                        }
                    ],
                    "isInner": false,
                    "elType": "column"
                },
                {
                    "id": "2fcf7bc5",
                    "settings": {
                        "_column_size": 50,
                        "_inline_size": null,
                        "_inline_size_tablet": 100,
                        "margin": {
                            "unit": "px",
                            "top": "0",
                            "right": "0",
                            "bottom": "0",
                            "left": "30",
                            "isLinked": false
                        },
                        "margin_tablet": {
                            "unit": "px",
                            "top": "0",
                            "right": "0",
                            "bottom": "0",
                            "left": "0",
                            "isLinked": false
                        }
                    },
                    "elements": [
                        {
                            "id": "7280c4f6",
                            "settings": {
                                "tabs": [
                                    {
                                        "tab_title": "How can we help your business?",
                                        "tab_content": "<p>Lorem ipsum dolor sit amet, consectetur adipiscing elit, sed do eiusmod tempor incididunt ut labore et dolore magna aliqua. Ut enim ad minim veniam, quis nostrud exercitation ullamco laboris nisi ut aliquip ex ea commodo consequat.<\/p>",
                                        "_id": "f2d71ec"
                                    },
                                    {
                                        "tab_title": "What are the best advantages of TechUp?",
                                        "tab_content": "<p>Lorem ipsum dolor sit amet, consectetur adipiscing elit, sed do eiusmod tempor incididunt ut labore et dolore magna aliqua. Ut enim ad minim veniam, quis nostrud exercitation ullamco laboris nisi ut aliquip ex ea commodo consequat.<\/p>",
                                        "_id": "97d6e88"
                                    },
                                    {
                                        "tab_title": "How working process is simplified?",
                                        "tab_content": "<p>Lorem ipsum dolor sit amet, consectetur adipiscing elit, sed do eiusmod tempor incididunt ut labore et dolore magna aliqua. Ut enim ad minim veniam, quis nostrud exercitation ullamco laboris nisi ut aliquip ex ea commodo consequat.<\/p>",
                                        "_id": "40664d8"
                                    }
                                ],
                                "selected_icon": {
                                    "value": "icon icon-chevron-down",
                                    "library": "ekiticons"
                                },
                                "selected_active_icon": {
                                    "value": "icon icon-chevron-up",
                                    "library": "ekiticons"
                                },
                                "border_width": {
                                    "unit": "px",
                                    "size": 1,
                                    "sizes": []
                                },
                                "space_between": {
                                    "unit": "px",
                                    "size": 20,
                                    "sizes": []
                                },
                                "box_shadow_box_shadow": {
                                    "horizontal": 10,
                                    "vertical": 10,
                                    "blur": 20,
                                    "spread": 0,
                                    "color": "rgba(0, 0, 0, 0.03)"
                                },
                                "title_padding": {
                                    "unit": "px",
                                    "top": "10",
                                    "right": "0",
                                    "bottom": "20",
                                    "left": "0",
                                    "isLinked": false
                                },
                                "icon_align": "right",
                                "icon_space": {
                                    "unit": "px",
                                    "size": 20,
                                    "sizes": []
                                },
                                "content_padding": {
                                    "unit": "px",
                                    "top": "0",
                                    "right": "0",
                                    "bottom": "10",
                                    "left": "0",
                                    "isLinked": false
                                },
                                "__globals__": {
                                    "border_color": "globals\/colors?id=6cfc453",
                                    "tab_active_color": "globals\/colors?id=accent",
                                    "icon_active_color": "globals\/colors?id=accent"
                                }
                            },
                            "elements": [],
                            "isInner": false,
                            "widgetType": "toggle",
                            "elType": "widget"
                        }
                    ],
                    "isInner": false,
                    "elType": "column"
                }
            ],
            "isInner": false,
            "elType": "section"
        },
        {
            "id": "2a645849",
            "settings": {
                "content_width": {
                    "unit": "px",
                    "size": 600,
                    "sizes": []
                },
                "padding": {
                    "unit": "px",
                    "top": "100",
                    "right": "0",
                    "bottom": "30",
                    "left": "0",
                    "isLinked": false
                },
                "padding_mobile": {
                    "unit": "px",
                    "top": "40",
                    "right": "20",
                    "bottom": "0",
                    "left": "20",
                    "isLinked": false
                }
            },
            "elements": [
                {
                    "id": "63f415de",
                    "settings": {
                        "_column_size": 100,
                        "_inline_size": null
                    },
                    "elements": [
                        {
                            "id": "4e226f49",
                            "settings": {
                                "title": "Style 02",
                                "header_size": "h6",
                                "align": "center",
                                "__globals__": {
                                    "typography_typography": "globals\/typography?id=1652c47"
                                }
                            },
                            "elements": [],
                            "isInner": false,
                            "widgetType": "heading",
                            "elType": "widget"
                        },
                        {
                            "id": "72abef0d",
                            "settings": {
                                "title": "Frequently asked questions\n",
                                "align": "center",
                                "__globals__": {
                                    "typography_typography": "globals\/typography?id=f488a9e"
                                }
                            },
                            "elements": [],
                            "isInner": false,
                            "widgetType": "heading",
                            "elType": "widget"
                        }
                    ],
                    "isInner": false,
                    "elType": "column"
                }
            ],
            "isInner": false,
            "elType": "section"
        },
        {
            "id": "112423f6",
            "settings": {
                "structure": "20",
                "margin": {
                    "unit": "px",
                    "top": "50",
                    "right": 0,
                    "bottom": "40",
                    "left": 0,
                    "isLinked": false
                },
                "margin_mobile": {
                    "unit": "px",
                    "top": "0",
                    "right": 0,
                    "bottom": "0",
                    "left": 0,
                    "isLinked": false
                },
                "padding_tablet": {
                    "unit": "px",
                    "top": "0",
                    "right": "40",
                    "bottom": "0",
                    "left": "40",
                    "isLinked": false
                },
                "padding_mobile": {
                    "unit": "px",
                    "top": "30",
                    "right": "20",
                    "bottom": "30",
                    "left": "20",
                    "isLinked": false
                }
            },
            "elements": [
                {
                    "id": "58c69b99",
                    "settings": {
                        "_column_size": 50,
                        "_inline_size": 50,
                        "_inline_size_tablet": 100,
                        "margin": {
                            "unit": "px",
                            "top": "0",
                            "right": "30",
                            "bottom": "0",
                            "left": "0",
                            "isLinked": false
                        },
                        "margin_tablet": {
                            "unit": "px",
                            "top": "0",
                            "right": "0",
                            "bottom": "0",
                            "left": "0",
                            "isLinked": false
                        }
                    },
                    "elements": [
                        {
                            "id": "3b178faa",
                            "settings": {
                                "tabs": [
                                    {
                                        "tab_title": "New multiple site connectivity",
                                        "tab_content": "<p>Lorem ipsum dolor sit amet, consectetur adipiscing elit, sed do eiusmod tempor incididunt ut labore et dolore magna aliqua.\u00a0<\/p>",
                                        "_id": "479a32d"
                                    },
                                    {
                                        "tab_title": "IT security & software",
                                        "tab_content": "<p>Lorem ipsum dolor sit amet, consectetur adipiscing elit, sed do eiusmod tempor incididunt ut labore et dolore magna aliqua. Ut enim ad minim veniam, quis nostrud exercitation ullamco laboris nisi ut aliquip ex ea commodo consequat.<\/p>",
                                        "_id": "c660aa0"
                                    },
                                    {
                                        "tab_title": "Weak hosted capability",
                                        "tab_content": "<p>Lorem ipsum dolor sit amet, consectetur adipiscing elit, sed do eiusmod tempor incididunt ut labore et dolore magna aliqua. Ut enim ad minim veniam, quis nostrud exercitation ullamco laboris nisi ut aliquip ex ea commodo consequat.<\/p>",
                                        "_id": "ddb3e6f"
                                    },
                                    {
                                        "tab_title": "Build internal network",
                                        "tab_content": "<p>Lorem ipsum dolor sit amet, consectetur adipiscing elit, sed do eiusmod tempor incididunt ut labore et dolore magna aliqua. Ut enim ad minim veniam, quis nostrud exercitation ullamco laboris nisi ut aliquip ex ea commodo consequat.<\/p>",
                                        "_id": "3ddb84e"
                                    }
                                ],
                                "selected_icon": {
                                    "value": "icon icon-chevron-right",
                                    "library": "ekiticons"
                                },
                                "selected_active_icon": {
                                    "value": "icon icon-chevron-up",
                                    "library": "ekiticons"
                                },
                                "border_width": {
                                    "unit": "px",
                                    "size": 1,
                                    "sizes": []
                                },
                                "title_padding": {
                                    "unit": "px",
                                    "top": "20",
                                    "right": "20",
                                    "bottom": "20",
                                    "left": "20",
                                    "isLinked": false
                                },
                                "icon_align": "right",
                                "icon_space": {
                                    "unit": "px",
                                    "size": 20,
                                    "sizes": []
                                },
                                "content_padding": {
                                    "unit": "px",
                                    "top": "20",
                                    "right": "20",
                                    "bottom": "20",
                                    "left": "20",
                                    "isLinked": false
                                },
                                "__globals__": {
                                    "border_color": "globals\/colors?id=6cfc453",
                                    "tab_active_color": "globals\/colors?id=accent",
                                    "icon_active_color": "globals\/colors?id=accent"
                                }
                            },
                            "elements": [],
                            "isInner": false,
                            "widgetType": "accordion",
                            "elType": "widget"
                        }
                    ],
                    "isInner": false,
                    "elType": "column"
                },
                {
                    "id": "6cd0ba17",
                    "settings": {
                        "_column_size": 50,
                        "_inline_size": 50,
                        "_inline_size_tablet": 100,
                        "margin_tablet": {
                            "unit": "px",
                            "top": "40",
                            "right": "0",
                            "bottom": "0",
                            "left": "0",
                            "isLinked": false
                        },
                        "margin": {
                            "unit": "px",
                            "top": "0",
                            "right": "0",
                            "bottom": "0",
                            "left": "30",
                            "isLinked": false
                        }
                    },
                    "elements": [
                        {
                            "id": "6f1dae2e",
                            "settings": {
                                "tabs": [
                                    {
                                        "tab_title": "New multiple site connectivity",
                                        "tab_content": "<p>Lorem ipsum dolor sit amet, consectetur adipiscing elit, sed do eiusmod tempor incididunt ut labore et dolore magna aliqua.\u00a0<\/p>",
                                        "_id": "479a32d"
                                    },
                                    {
                                        "tab_title": "IT security & software",
                                        "tab_content": "<p>Lorem ipsum dolor sit amet, consectetur adipiscing elit, sed do eiusmod tempor incididunt ut labore et dolore magna aliqua. Ut enim ad minim veniam, quis nostrud exercitation ullamco laboris nisi ut aliquip ex ea commodo consequat.<\/p>",
                                        "_id": "c660aa0"
                                    },
                                    {
                                        "tab_title": "Weak hosted capability",
                                        "tab_content": "<p>Lorem ipsum dolor sit amet, consectetur adipiscing elit, sed do eiusmod tempor incididunt ut labore et dolore magna aliqua. Ut enim ad minim veniam, quis nostrud exercitation ullamco laboris nisi ut aliquip ex ea commodo consequat.<\/p>",
                                        "_id": "ddb3e6f"
                                    },
                                    {
                                        "tab_title": "Build internal network",
                                        "tab_content": "<p>Lorem ipsum dolor sit amet, consectetur adipiscing elit, sed do eiusmod tempor incididunt ut labore et dolore magna aliqua. Ut enim ad minim veniam, quis nostrud exercitation ullamco laboris nisi ut aliquip ex ea commodo consequat.<\/p>",
                                        "_id": "3ddb84e"
                                    }
                                ],
                                "selected_icon": {
                                    "value": "icon icon-chevron-right",
                                    "library": "ekiticons"
                                },
                                "selected_active_icon": {
                                    "value": "icon icon-chevron-up",
                                    "library": "ekiticons"
                                },
                                "border_width": {
                                    "unit": "px",
                                    "size": 1,
                                    "sizes": []
                                },
                                "title_padding": {
                                    "unit": "px",
                                    "top": "20",
                                    "right": "20",
                                    "bottom": "20",
                                    "left": "20",
                                    "isLinked": false
                                },
                                "icon_align": "right",
                                "icon_space": {
                                    "unit": "px",
                                    "size": 20,
                                    "sizes": []
                                },
                                "content_padding": {
                                    "unit": "px",
                                    "top": "20",
                                    "right": "20",
                                    "bottom": "20",
                                    "left": "20",
                                    "isLinked": false
                                },
                                "__globals__": {
                                    "border_color": "globals\/colors?id=6cfc453",
                                    "tab_active_color": "globals\/colors?id=accent",
                                    "icon_active_color": "globals\/colors?id=accent"
                                }
                            },
                            "elements": [],
                            "isInner": false,
                            "widgetType": "accordion",
                            "elType": "widget"
                        }
                    ],
                    "isInner": false,
                    "elType": "column"
                }
            ],
            "isInner": false,
            "elType": "section"
        }
    ],
    "page_settings": {
        "hide_title": "yes"
    }
}