{
    "version": "0.4",
    "title": "Footer",
    "type": "footer",
    "metadata": {
        "template_type": "section-footer",
        "include_in_zip": "1",
        "elementor_pro_required": "1",
        "elementor_library_type": "footer",
        "elementor_pro_conditions": [
            "include\/general"
        ],
        "additional_template_information": [
            "This is a \"Footer\" template for Elementor Pro.",
            "This template will display on: Entire Site."
        ],
        "wp_page_template": "default"
    },
    "content": [
        {
            "id": "3302e774",
            "settings": {
                "padding": {
                    "unit": "px",
                    "top": "50",
                    "right": "0",
                    "bottom": "0",
                    "left": "0",
                    "isLinked": false
                },
                "padding_tablet": {
                    "unit": "px",
                    "top": "0",
                    "right": "40",
                    "bottom": "0",
                    "left": "40",
                    "isLinked": false
                },
                "padding_mobile": {
                    "unit": "px",
                    "top": "0",
                    "right": "20",
                    "bottom": "0",
                    "left": "20",
                    "isLinked": false
                }
            },
            "elements": [
                {
                    "id": "5f78a584",
                    "settings": {
                        "_column_size": 100,
                        "_inline_size": null,
                        "padding": {
                            "unit": "px",
                            "top": "0",
                            "right": "0",
                            "bottom": "0",
                            "left": "0",
                            "isLinked": false
                        }
                    },
                    "elements": [
                        {
                            "id": "19b40fe2",
                            "settings": {
                                "content_width": {
                                    "unit": "px",
                                    "size": 600,
                                    "sizes": []
                                },
                                "content_position": "middle",
                                "background_background": "classic",
                                "background_color": "#EFFFFB",
                                "background_color_b": "#EDFFF4",
                                "background_gradient_angle": {
                                    "unit": "deg",
                                    "size": 120,
                                    "sizes": []
                                },
                                "background_overlay_position": "top right",
                                "background_overlay_repeat": "no-repeat",
                                "background_overlay_size": "contain",
                                "border_width": {
                                    "unit": "px",
                                    "top": "1",
                                    "right": "1",
                                    "bottom": "1",
                                    "left": "1",
                                    "isLinked": true
                                },
                                "border_color": "#EEEEEE",
                                "border_radius": {
                                    "unit": "px",
                                    "top": "20",
                                    "right": "20",
                                    "bottom": "20",
                                    "left": "20",
                                    "isLinked": true
                                },
                                "padding": {
                                    "unit": "px",
                                    "top": "50",
                                    "right": "50",
                                    "bottom": "50",
                                    "left": "50",
                                    "isLinked": true
                                },
                                "padding_mobile": {
                                    "unit": "px",
                                    "top": "30",
                                    "right": "30",
                                    "bottom": "30",
                                    "left": "30",
                                    "isLinked": true
                                },
                                "__globals__": {
                                    "background_color": ""
                                }
                            },
                            "elements": [
                                {
                                    "id": "102b139",
                                    "settings": {
                                        "_column_size": 100,
                                        "_inline_size": null
                                    },
                                    "elements": [
                                        {
                                            "id": "3dc3a2ee",
                                            "settings": {
                                                "title": "Start you free trial.",
                                                "header_size": "h6",
                                                "align": "center",
                                                "__globals__": {
                                                    "typography_typography": "globals\/typography?id=1652c47"
                                                }
                                            },
                                            "elements": [],
                                            "isInner": false,
                                            "widgetType": "heading",
                                            "elType": "widget"
                                        },
                                        {
                                            "id": "6a1c48ad",
                                            "settings": {
                                                "title": "Are you ready? Claim your free account now.",
                                                "align": "center",
                                                "__globals__": {
                                                    "typography_typography": "globals\/typography?id=f488a9e"
                                                }
                                            },
                                            "elements": [],
                                            "isInner": false,
                                            "widgetType": "heading",
                                            "elType": "widget"
                                        },
                                        {
                                            "id": "2f7fb69c",
                                            "settings": {
                                                "text": "Sign up",
                                                "align": "center",
                                                "_margin": {
                                                    "unit": "px",
                                                    "top": "10",
                                                    "right": "0",
                                                    "bottom": "0",
                                                    "left": "0",
                                                    "isLinked": false
                                                },
                                                "button_text_color": "#FFFFFF",
                                                "hover_color": "#FFFFFF",
                                                "button_hover_border_color": "rgba(2, 1, 1, 0)",
                                                "hover_animation": "grow",
                                                "border_border": "solid",
                                                "border_width": {
                                                    "unit": "px",
                                                    "top": "0",
                                                    "right": "0",
                                                    "bottom": "0",
                                                    "left": "0",
                                                    "isLinked": true
                                                },
                                                "button_box_shadow_box_shadow_type": "yes",
                                                "button_box_shadow_box_shadow": {
                                                    "horizontal": -60,
                                                    "vertical": 0,
                                                    "blur": 50,
                                                    "spread": 0,
                                                    "color": "#29E37F"
                                                },
                                                "button_box_shadow_box_shadow_position": "inset",
                                                "__globals__": {
                                                    "background_color": "globals\/colors?id=4491ab9",
                                                    "button_background_hover_color": "globals\/colors?id=accent"
                                                }
                                            },
                                            "elements": [],
                                            "isInner": false,
                                            "widgetType": "button",
                                            "elType": "widget"
                                        }
                                    ],
                                    "isInner": true,
                                    "elType": "column"
                                }
                            ],
                            "isInner": true,
                            "elType": "section"
                        }
                    ],
                    "isInner": false,
                    "elType": "column"
                }
            ],
            "isInner": false,
            "elType": "section"
        },
        {
            "id": "2181ebb",
            "settings": {
                "structure": "40",
                "background_background": "classic",
                "padding": {
                    "unit": "px",
                    "top": "80",
                    "right": "0",
                    "bottom": "50",
                    "left": "0",
                    "isLinked": false
                },
                "padding_tablet": {
                    "unit": "px",
                    "top": "50",
                    "right": "40",
                    "bottom": "50",
                    "left": "40",
                    "isLinked": false
                },
                "margin": {
                    "unit": "%",
                    "top": "",
                    "right": 0,
                    "bottom": "",
                    "left": 0,
                    "isLinked": false
                },
                "padding_mobile": {
                    "unit": "px",
                    "top": "40",
                    "right": "20",
                    "bottom": "40",
                    "left": "20",
                    "isLinked": false
                }
            },
            "elements": [
                {
                    "id": "14695440",
                    "settings": {
                        "_column_size": 25,
                        "_inline_size": 26.491,
                        "margin": {
                            "unit": "px",
                            "top": "0",
                            "right": "50",
                            "bottom": "0",
                            "left": "0",
                            "isLinked": false
                        },
                        "padding": {
                            "unit": "em",
                            "top": "",
                            "right": "",
                            "bottom": "",
                            "left": "",
                            "isLinked": false
                        },
                        "_inline_size_tablet": 100,
                        "margin_tablet": {
                            "unit": "px",
                            "top": "0",
                            "right": "0",
                            "bottom": "20",
                            "left": "0",
                            "isLinked": false
                        }
                    },
                    "elements": [
                        {
                            "id": "74234b77",
                            "settings": {
                                "__dynamic__": {
                                    "image": "[elementor-tag id=\"\" name=\"site-logo\" settings=\"%7B%7D\"]",
                                    "link": "[elementor-tag id=\"\" name=\"site-url\" settings=\"%7B%7D\"]"
                                },
                                "align": "left",
                                "width": {
                                    "unit": "px",
                                    "size": 120,
                                    "sizes": []
                                },
                                "_margin": {
                                    "unit": "px",
                                    "top": "-10",
                                    "right": "0",
                                    "bottom": "0",
                                    "left": "0",
                                    "isLinked": false
                                }
                            },
                            "elements": [],
                            "isInner": false,
                            "widgetType": "theme-site-logo",
                            "elType": "widget"
                        },
                        {
                            "id": "39ad517d",
                            "settings": {
                                "editor": "<p>Lorem ipsum dolor sit amet, consectetur adipiscing elit.\u00a0<\/p>",
                                "_margin": {
                                    "unit": "px",
                                    "top": "0",
                                    "right": "0",
                                    "bottom": "-10",
                                    "left": "0",
                                    "isLinked": false
                                }
                            },
                            "elements": [],
                            "isInner": false,
                            "widgetType": "text-editor",
                            "elType": "widget"
                        },
                        {
                            "id": "77820bf1",
                            "settings": {
                                "social_icon_list": [
                                    {
                                        "social_icon": {
                                            "value": "fab fa-facebook",
                                            "library": "fa-brands"
                                        },
                                        "_id": "45236a2"
                                    },
                                    {
                                        "social_icon": {
                                            "value": "fab fa-twitter",
                                            "library": "fa-brands"
                                        },
                                        "_id": "9273cc8"
                                    },
                                    {
                                        "social_icon": {
                                            "value": "fab fa-youtube",
                                            "library": "fa-brands"
                                        },
                                        "_id": "e2dfd06"
                                    }
                                ],
                                "shape": "circle",
                                "align": "left",
                                "icon_color": "custom",
                                "icon_primary_color": "rgba(255, 255, 255, 0)",
                                "icon_size": {
                                    "unit": "px",
                                    "size": 20,
                                    "sizes": []
                                },
                                "icon_padding": {
                                    "unit": "em",
                                    "size": 0,
                                    "sizes": []
                                },
                                "icon_spacing": {
                                    "unit": "px",
                                    "size": 20,
                                    "sizes": []
                                },
                                "hover_animation": "grow",
                                "_margin_mobile": {
                                    "unit": "px",
                                    "top": "0",
                                    "right": "0",
                                    "bottom": "-10",
                                    "left": "0",
                                    "isLinked": false
                                },
                                "__globals__": {
                                    "icon_secondary_color": "globals\/colors?id=primary",
                                    "hover_secondary_color": "globals\/colors?id=accent"
                                }
                            },
                            "elements": [],
                            "isInner": false,
                            "widgetType": "social-icons",
                            "elType": "widget"
                        }
                    ],
                    "isInner": false,
                    "elType": "column"
                },
                {
                    "id": "74acfcf8",
                    "settings": {
                        "_column_size": 25,
                        "_inline_size": 22.105,
                        "_inline_size_tablet": 50,
                        "_inline_size_mobile": 100,
                        "margin_tablet": {
                            "unit": "px",
                            "top": "0",
                            "right": "0",
                            "bottom": "0",
                            "left": "0",
                            "isLinked": false
                        },
                        "margin_mobile": {
                            "unit": "px",
                            "top": "0",
                            "right": "0",
                            "bottom": "20",
                            "left": "0",
                            "isLinked": false
                        },
                        "padding_mobile": {
                            "unit": "em",
                            "top": "",
                            "right": "",
                            "bottom": "",
                            "left": "",
                            "isLinked": false
                        }
                    },
                    "elements": [
                        {
                            "id": "2f32466f",
                            "settings": {
                                "title": "Services",
                                "header_size": "h6",
                                "_margin_tablet": {
                                    "unit": "px",
                                    "top": "0",
                                    "right": "0",
                                    "bottom": "0",
                                    "left": "0",
                                    "isLinked": false
                                }
                            },
                            "elements": [],
                            "isInner": false,
                            "widgetType": "heading",
                            "elType": "widget"
                        },
                        {
                            "id": "35b89a03",
                            "settings": {
                                "icon_list": [
                                    {
                                        "text": "How it works",
                                        "selected_icon": {
                                            "value": "",
                                            "library": ""
                                        },
                                        "link": {
                                            "url": "#",
                                            "is_external": "",
                                            "nofollow": "",
                                            "custom_attributes": ""
                                        },
                                        "_id": "f77a379"
                                    },
                                    {
                                        "text": "Web Development",
                                        "selected_icon": {
                                            "value": "",
                                            "library": ""
                                        },
                                        "link": {
                                            "url": "#",
                                            "is_external": "",
                                            "nofollow": "",
                                            "custom_attributes": ""
                                        },
                                        "_id": "a21b7d2"
                                    },
                                    {
                                        "text": "Work Portfolio",
                                        "selected_icon": {
                                            "value": "",
                                            "library": ""
                                        },
                                        "link": {
                                            "url": "#",
                                            "is_external": "",
                                            "nofollow": "",
                                            "custom_attributes": ""
                                        },
                                        "_id": "3846571"
                                    },
                                    {
                                        "text": "SEO & Backlinks",
                                        "selected_icon": {
                                            "value": "",
                                            "library": ""
                                        },
                                        "link": {
                                            "url": "#",
                                            "is_external": "",
                                            "nofollow": "",
                                            "custom_attributes": ""
                                        },
                                        "_id": "e101a66"
                                    },
                                    {
                                        "text": "SMM production",
                                        "selected_icon": {
                                            "value": "",
                                            "library": ""
                                        },
                                        "link": {
                                            "url": "#",
                                            "is_external": "",
                                            "nofollow": "",
                                            "custom_attributes": ""
                                        },
                                        "_id": "56d5e0c"
                                    },
                                    {
                                        "text": "Collaboration",
                                        "selected_icon": {
                                            "value": "",
                                            "library": ""
                                        },
                                        "link": {
                                            "url": "#",
                                            "is_external": "",
                                            "nofollow": "",
                                            "custom_attributes": ""
                                        },
                                        "_id": "7011fdd"
                                    }
                                ],
                                "space_between": {
                                    "unit": "px",
                                    "size": 6,
                                    "sizes": []
                                },
                                "__globals__": {
                                    "text_color_hover": "globals\/colors?id=accent"
                                }
                            },
                            "elements": [],
                            "isInner": false,
                            "widgetType": "icon-list",
                            "elType": "widget"
                        }
                    ],
                    "isInner": false,
                    "elType": "column"
                },
                {
                    "id": "1a3a761e",
                    "settings": {
                        "_column_size": 25,
                        "_inline_size": 24.299,
                        "_inline_size_tablet": 50,
                        "_inline_size_mobile": 100,
                        "margin_tablet": {
                            "unit": "px",
                            "top": "20",
                            "right": "0",
                            "bottom": "0",
                            "left": "0",
                            "isLinked": false
                        },
                        "margin_mobile": {
                            "unit": "px",
                            "top": "0",
                            "right": "0",
                            "bottom": "0",
                            "left": "0",
                            "isLinked": false
                        },
                        "padding_mobile": {
                            "unit": "px",
                            "top": "",
                            "right": "",
                            "bottom": "",
                            "left": "",
                            "isLinked": false
                        }
                    },
                    "elements": [
                        {
                            "id": "78ff58b2",
                            "settings": {
                                "title": "About",
                                "header_size": "h6"
                            },
                            "elements": [],
                            "isInner": false,
                            "widgetType": "heading",
                            "elType": "widget"
                        },
                        {
                            "id": "6952806d",
                            "settings": {
                                "icon_list": [
                                    {
                                        "text": "Our mission",
                                        "selected_icon": {
                                            "value": "",
                                            "library": ""
                                        },
                                        "_id": "f915085",
                                        "link": {
                                            "url": "#",
                                            "is_external": "",
                                            "nofollow": "",
                                            "custom_attributes": ""
                                        }
                                    },
                                    {
                                        "text": "Our story",
                                        "selected_icon": {
                                            "value": "",
                                            "library": ""
                                        },
                                        "link": {
                                            "url": "#",
                                            "is_external": "",
                                            "nofollow": "",
                                            "custom_attributes": ""
                                        },
                                        "_id": "f77a379"
                                    },
                                    {
                                        "text": "Team Members",
                                        "selected_icon": {
                                            "value": "",
                                            "library": ""
                                        },
                                        "link": {
                                            "url": "#",
                                            "is_external": "",
                                            "nofollow": "",
                                            "custom_attributes": ""
                                        },
                                        "_id": "a21b7d2"
                                    },
                                    {
                                        "text": "Plan & Pricing",
                                        "selected_icon": {
                                            "value": "",
                                            "library": ""
                                        },
                                        "link": {
                                            "url": "#",
                                            "is_external": "",
                                            "nofollow": "",
                                            "custom_attributes": ""
                                        },
                                        "_id": "867807a"
                                    },
                                    {
                                        "text": "Career",
                                        "selected_icon": {
                                            "value": "",
                                            "library": ""
                                        },
                                        "link": {
                                            "url": "#",
                                            "is_external": "",
                                            "nofollow": "",
                                            "custom_attributes": ""
                                        },
                                        "_id": "550efd5"
                                    },
                                    {
                                        "text": "Live Chat",
                                        "selected_icon": {
                                            "value": "",
                                            "library": ""
                                        },
                                        "link": {
                                            "url": "#",
                                            "is_external": "",
                                            "nofollow": "",
                                            "custom_attributes": ""
                                        },
                                        "_id": "0be41b2"
                                    }
                                ],
                                "space_between": {
                                    "unit": "px",
                                    "size": 6,
                                    "sizes": []
                                },
                                "__globals__": {
                                    "text_color_hover": "globals\/colors?id=accent"
                                }
                            },
                            "elements": [],
                            "isInner": false,
                            "widgetType": "icon-list",
                            "elType": "widget"
                        }
                    ],
                    "isInner": false,
                    "elType": "column"
                },
                {
                    "id": "64c0a7d",
                    "settings": {
                        "_column_size": 25,
                        "_inline_size": 27.105,
                        "_inline_size_tablet": 100,
                        "margin_tablet": {
                            "unit": "px",
                            "top": "40",
                            "right": "0",
                            "bottom": "0",
                            "left": "0",
                            "isLinked": false
                        },
                        "margin_mobile": {
                            "unit": "px",
                            "top": "30",
                            "right": "0",
                            "bottom": "0",
                            "left": "0",
                            "isLinked": false
                        }
                    },
                    "elements": [
                        {
                            "id": "5b68fe72",
                            "settings": {
                                "title": "We accept all major credit cards for fast and easy payment.",
                                "header_size": "h6",
                                "_margin": {
                                    "unit": "px",
                                    "top": "-5",
                                    "right": "0",
                                    "bottom": "0",
                                    "left": "0",
                                    "isLinked": false
                                },
                                "__globals__": {
                                    "typography_typography": "globals\/typography?id=437f7ac",
                                    "title_color": "globals\/colors?id=primary"
                                }
                            },
                            "elements": [],
                            "isInner": false,
                            "widgetType": "heading",
                            "elType": "widget"
                        },
                        {
                            "id": "77650422",
                            "settings": {
                                "icon_list": [
                                    {
                                        "text": "hello@yourdomain.com",
                                        "selected_icon": {
                                            "value": "",
                                            "library": ""
                                        },
                                        "_id": "831920d"
                                    },
                                    {
                                        "text": "69 Queen St, Melbourne Australia",
                                        "selected_icon": {
                                            "value": "",
                                            "library": ""
                                        },
                                        "_id": "c274e16"
                                    },
                                    {
                                        "text": "+7 (928)-123-45-45",
                                        "selected_icon": {
                                            "value": "",
                                            "library": ""
                                        },
                                        "_id": "f25a126"
                                    }
                                ],
                                "space_between": {
                                    "unit": "px",
                                    "size": 10,
                                    "sizes": []
                                },
                                "icon_size": {
                                    "unit": "px",
                                    "size": 18,
                                    "sizes": []
                                },
                                "text_indent": {
                                    "unit": "px",
                                    "size": 0,
                                    "sizes": []
                                },
                                "__globals__": {
                                    "icon_color": "globals\/colors?id=accent"
                                }
                            },
                            "elements": [],
                            "isInner": false,
                            "widgetType": "icon-list",
                            "elType": "widget"
                        },
                        {
                            "id": "cb23d67",
                            "settings": {
                                "image": {
                                    "url": "https:\/\/kits.pixel-show.com\/techup\/wp-content\/uploads\/sites\/20\/2020\/08\/payments.png",
                                    "id": 236
                                },
                                "align": "left"
                            },
                            "elements": [],
                            "isInner": false,
                            "widgetType": "image",
                            "elType": "widget"
                        }
                    ],
                    "isInner": false,
                    "elType": "column"
                }
            ],
            "isInner": false,
            "elType": "section"
        },
        {
            "id": "4523db2d",
            "settings": {
                "content_position": "middle",
                "background_background": "classic",
                "border_width": {
                    "unit": "px",
                    "top": "1",
                    "right": "0",
                    "bottom": "0",
                    "left": "0",
                    "isLinked": false
                },
                "border_color": "#EEEEEE",
                "padding": {
                    "unit": "em",
                    "top": "",
                    "right": "",
                    "bottom": "",
                    "left": "",
                    "isLinked": false
                },
                "padding_mobile": {
                    "unit": "px",
                    "top": "0",
                    "right": "20",
                    "bottom": "0",
                    "left": "20",
                    "isLinked": false
                }
            },
            "elements": [
                {
                    "id": "6acebf49",
                    "settings": {
                        "_column_size": 100,
                        "_inline_size": null
                    },
                    "elements": [
                        {
                            "id": "7cefbd71",
                            "settings": {
                                "editor": "<p>Copyright \u00a9 2020.\u00a0 All Rights Reserved<\/p>",
                                "align": "center",
                                "align_mobile": "left",
                                "align_tablet": "center",
                                "__globals__": {
                                    "typography_typography": "globals\/typography?id=ecbf982"
                                }
                            },
                            "elements": [],
                            "isInner": false,
                            "widgetType": "text-editor",
                            "elType": "widget"
                        }
                    ],
                    "isInner": false,
                    "elType": "column"
                }
            ],
            "isInner": false,
            "elType": "section"
        }
    ]
}