{
    "version": "0.4",
    "title": "Global Kit Styles",
    "type": "section",
    "metadata": {
        "template_type": "global-styles",
        "include_in_zip": "1",
        "elementor_pro_required": "1",
        "additional_template_information": [
            "These are the global theme styles configured through the Elementor Theme Styles area."
        ],
        "wp_page_template": "default"
    },
    "content": [],
    "page_settings": {
        "body_color": "#828282",
        "body_typography_typography": "custom",
        "body_typography_font_family": "Nunito",
        "body_typography_font_size": {
            "unit": "px",
            "size": 18,
            "sizes": []
        },
        "body_typography_line_height": {
            "unit": "em",
            "size": 1.7,
            "sizes": []
        },
        "link_normal_color": "#000000",
        "h1_color": "#000000",
        "h2_color": "#000000",
        "h3_color": "#000000",
        "h4_color": "#000000",
        "h5_color": "#000000",
        "h6_color": "#828282",
        "button_background_color": "rgba(68, 214, 178, 0)",
        "button_border_radius": {
            "unit": "px",
            "top": "4",
            "right": "4",
            "bottom": "4",
            "left": "4",
            "isLinked": "1"
        },
        "button_padding": {
            "unit": "px",
            "top": "19",
            "right": "38",
            "bottom": "19",
            "left": "38",
            "isLinked": ""
        },
        "form_label_typography_typography": "custom",
        "form_label_typography_font_family": "Work Sans",
        "form_label_typography_font_size": {
            "unit": "px",
            "size": "16",
            "sizes": []
        },
        "form_label_typography_font_weight": "500",
        "form_label_typography_line_height": {
            "unit": "em",
            "size": "1.3",
            "sizes": []
        },
        "form_label_typography_letter_spacing": {
            "unit": "px",
            "size": "-1",
            "sizes": []
        },
        "form_field_typography_typography": "custom",
        "form_field_typography_font_family": "Work Sans",
        "form_field_typography_font_size": {
            "unit": "px",
            "size": "16",
            "sizes": []
        },
        "form_field_typography_font_weight": "500",
        "form_field_typography_line_height": {
            "unit": "em",
            "size": "1.3",
            "sizes": []
        },
        "form_field_typography_letter_spacing": {
            "unit": "px",
            "size": "-1",
            "sizes": []
        },
        "form_field_border_border": "solid",
        "form_field_border_width": {
            "unit": "px",
            "top": "1",
            "right": "1",
            "bottom": "1",
            "left": "1",
            "isLinked": "1"
        },
        "form_field_border_color": "#E7E7E8",
        "form_field_border_radius": {
            "unit": "px",
            "top": "6",
            "right": "6",
            "bottom": "6",
            "left": "6",
            "isLinked": "1"
        },
        "form_field_padding": {
            "unit": "px",
            "top": "15",
            "right": "15",
            "bottom": "15",
            "left": "15",
            "isLinked": ""
        },
        "button_border_border": "solid",
        "button_border_width": {
            "unit": "px",
            "top": "2",
            "right": "2",
            "bottom": "2",
            "left": "2",
            "isLinked": "1"
        },
        "button_box_shadow_box_shadow_type": "yes",
        "button_box_shadow_box_shadow": {
            "horizontal": "-60",
            "vertical": "0",
            "blur": "50",
            "spread": "0",
            "color": "rgba(41, 227, 127, 0)"
        },
        "button_box_shadow_box_shadow_position": "inset",
        "button_hover_background_color": "#D8F4E8",
        "button_hover_box_shadow_box_shadow_type": "yes",
        "button_hover_box_shadow_box_shadow": {
            "horizontal": "60",
            "vertical": "0",
            "blur": "50",
            "spread": "0",
            "color": "rgba(41, 227, 127, 0)"
        },
        "button_hover_box_shadow_box_shadow_position": "inset",
        "button_hover_text_color": "#31BD81",
        "button_hover_border_border": "solid",
        "button_hover_border_width": {
            "unit": "px",
            "top": "2",
            "right": "2",
            "bottom": "2",
            "left": "2",
            "isLinked": "1"
        },
        "button_hover_border_color": "rgba(2, 1, 1, 0)",
        "default_generic_fonts": "Sans-serif",
        "system_colors": [
            {
                "_id": "primary",
                "title": "Primary",
                "color": "#000000"
            },
            {
                "_id": "secondary",
                "title": "Secondary",
                "color": "#54595F"
            },
            {
                "_id": "text",
                "title": "Text",
                "color": "#828282"
            },
            {
                "_id": "accent",
                "title": "Accent",
                "color": "#45DC9B"
            }
        ],
        "custom_colors": [
            {
                "_id": "3b4ed14",
                "title": "Button text",
                "color": "#31BD81"
            },
            {
                "_id": "bd09eb7",
                "title": "Button hover",
                "color": "#D8F4E8"
            },
            {
                "_id": "49a77ed",
                "title": "Background #1",
                "color": "#F6FFFD"
            },
            {
                "_id": "2a76c22",
                "title": "Background #2",
                "color": "#FEF8E1"
            },
            {
                "_id": "717e8da",
                "title": "Background #3",
                "color": "#F4E7FB"
            },
            {
                "_id": "178f2a9",
                "title": "Accent #2",
                "color": "#FBE085"
            },
            {
                "_id": "3be184b",
                "title": "Accent #3",
                "color": "#E6B9FC"
            },
            {
                "_id": "6cfc453",
                "title": "Border",
                "color": "#EEEEEE"
            },
            {
                "_id": "4491ab9",
                "title": "Gradient button",
                "color": "#44D6B2"
            },
            {
                "_id": "a549970",
                "title": "Gradient #2",
                "color": "#FF009D"
            },
            {
                "_id": "5ad3ca8",
                "title": "Gradient #2 hover",
                "color": "#D80587"
            }
        ],
        "system_typography": [
            {
                "_id": "primary",
                "title": "Primary Headline",
                "typography_typography": "custom",
                "typography_font_family": "Work Sans",
                "typography_font_weight": "600"
            },
            {
                "_id": "secondary",
                "title": "Secondary Headline",
                "typography_typography": "custom",
                "typography_font_family": "Work Sans",
                "typography_font_weight": "500"
            },
            {
                "_id": "text",
                "title": "Body Text",
                "typography_typography": "custom",
                "typography_font_family": "Nunito",
                "typography_font_size": {
                    "unit": "px",
                    "size": 18,
                    "sizes": []
                }
            },
            {
                "_id": "accent",
                "title": "Accent Text",
                "typography_typography": "custom",
                "typography_font_family": "Work Sans",
                "typography_font_weight": "700",
                "typography_text_transform": "uppercase",
                "typography_font_size": {
                    "unit": "px",
                    "size": 16,
                    "sizes": []
                }
            }
        ],
        "custom_typography": [
            {
                "_id": "ecbf982",
                "title": "Description",
                "typography_typography": "custom",
                "typography_font_size": {
                    "unit": "px",
                    "size": 13,
                    "sizes": []
                },
                "typography_font_weight": "600"
            },
            {
                "_id": "a308587",
                "title": "Quote",
                "typography_typography": "custom",
                "typography_font_size": {
                    "unit": "px",
                    "size": 20,
                    "sizes": []
                },
                "typography_font_style": "italic"
            },
            {
                "_id": "437f7ac",
                "title": "Name",
                "typography_typography": "custom",
                "typography_font_weight": "600",
                "typography_line_height": {
                    "unit": "em",
                    "size": 1.8,
                    "sizes": []
                }
            },
            {
                "_id": "e760366",
                "title": "Menu",
                "typography_typography": "custom",
                "typography_font_family": "Work Sans",
                "typography_font_size": {
                    "unit": "px",
                    "size": 17,
                    "sizes": []
                },
                "typography_font_weight": "500",
                "typography_letter_spacing": {
                    "unit": "px",
                    "size": -1,
                    "sizes": []
                }
            },
            {
                "_id": "66836a1",
                "title": "Pagination",
                "typography_typography": "custom",
                "typography_font_family": "Work Sans",
                "typography_font_size": {
                    "unit": "px",
                    "size": 16,
                    "sizes": []
                },
                "typography_font_weight": "700",
                "typography_text_transform": "uppercase",
                "typography_line_height": {
                    "unit": "em",
                    "size": 7,
                    "sizes": []
                }
            },
            {
                "_id": "fd63737",
                "title": "Post H1",
                "typography_typography": "custom",
                "typography_font_size": {
                    "unit": "px",
                    "size": 40,
                    "sizes": []
                },
                "typography_font_size_mobile": {
                    "unit": "px",
                    "size": 30,
                    "sizes": []
                },
                "typography_line_height": {
                    "unit": "em",
                    "size": 1.3,
                    "sizes": []
                }
            },
            {
                "_id": "f3e6168",
                "title": "Counter",
                "typography_typography": "custom",
                "typography_font_family": "Work Sans",
                "typography_font_size": {
                    "unit": "px",
                    "size": 40,
                    "sizes": []
                },
                "typography_font_weight": "600",
                "typography_line_height": {
                    "unit": "em",
                    "size": 1.4,
                    "sizes": []
                }
            },
            {
                "_id": "fddc749",
                "title": "Pricing",
                "typography_typography": "custom",
                "typography_font_family": "Work Sans",
                "typography_font_size": {
                    "unit": "px",
                    "size": 70,
                    "sizes": []
                },
                "typography_font_weight": "400"
            },
            {
                "_id": "0e93510",
                "title": "H1 Heading",
                "typography_typography": "custom",
                "typography_font_family": "Work Sans",
                "typography_font_size": {
                    "unit": "px",
                    "size": 60,
                    "sizes": []
                },
                "typography_font_weight": "700",
                "typography_text_transform": "capitalize",
                "typography_line_height": {
                    "unit": "em",
                    "size": 1.2,
                    "sizes": []
                },
                "typography_letter_spacing": {
                    "unit": "px",
                    "size": -1,
                    "sizes": []
                },
                "typography_font_size_mobile": {
                    "unit": "px",
                    "size": 40,
                    "sizes": []
                }
            },
            {
                "_id": "f488a9e",
                "title": "H2 Heading",
                "typography_typography": "custom",
                "typography_font_family": "Work Sans",
                "typography_font_size": {
                    "unit": "px",
                    "size": 46,
                    "sizes": []
                },
                "typography_font_size_mobile": {
                    "unit": "px",
                    "size": 32,
                    "sizes": []
                },
                "typography_font_weight": "700",
                "typography_text_transform": "capitalize",
                "typography_line_height": {
                    "unit": "em",
                    "size": 1.2,
                    "sizes": []
                },
                "typography_letter_spacing": {
                    "unit": "px",
                    "size": -1,
                    "sizes": []
                }
            },
            {
                "_id": "dbc3284",
                "title": "H3 Heading",
                "typography_typography": "custom",
                "typography_font_family": "Work Sans",
                "typography_font_size": {
                    "unit": "px",
                    "size": 38,
                    "sizes": []
                },
                "typography_font_size_mobile": {
                    "unit": "px",
                    "size": 28,
                    "sizes": []
                },
                "typography_font_weight": "700",
                "typography_text_transform": "capitalize",
                "typography_line_height": {
                    "unit": "em",
                    "size": 1.2,
                    "sizes": []
                },
                "typography_letter_spacing": {
                    "unit": "px",
                    "size": -1,
                    "sizes": []
                }
            },
            {
                "_id": "c6f135d",
                "title": "H4 Heading",
                "typography_typography": "custom",
                "typography_font_family": "Work Sans",
                "typography_font_size": {
                    "unit": "px",
                    "size": 30,
                    "sizes": []
                },
                "typography_font_size_mobile": {
                    "unit": "px",
                    "size": 25,
                    "sizes": []
                },
                "typography_font_weight": "600",
                "typography_text_transform": "capitalize",
                "typography_line_height": {
                    "unit": "em",
                    "size": 1.3,
                    "sizes": []
                },
                "typography_letter_spacing": {
                    "unit": "px",
                    "size": -1,
                    "sizes": []
                }
            },
            {
                "_id": "ee3075e",
                "title": "H5 Heading",
                "typography_typography": "custom",
                "typography_font_family": "Work Sans",
                "typography_font_size": {
                    "unit": "px",
                    "size": 24,
                    "sizes": []
                },
                "typography_font_size_mobile": {
                    "unit": "px",
                    "size": 20,
                    "sizes": []
                },
                "typography_font_weight": "600",
                "typography_text_transform": "capitalize",
                "typography_line_height": {
                    "unit": "em",
                    "size": 1.3,
                    "sizes": []
                },
                "typography_letter_spacing": {
                    "unit": "px",
                    "size": -1,
                    "sizes": []
                }
            },
            {
                "_id": "1652c47",
                "title": "H6 Heading",
                "typography_typography": "custom",
                "typography_font_family": "Work Sans",
                "typography_font_size": {
                    "unit": "px",
                    "size": 18,
                    "sizes": []
                },
                "typography_line_height": {
                    "unit": "em",
                    "size": 1.1,
                    "sizes": []
                },
                "typography_letter_spacing": {
                    "unit": "px",
                    "size": -1,
                    "sizes": []
                }
            }
        ],
        "page_title_selector": "h1.entry-title",
        "activeItemIndex": 1,
        "__globals__": {
            "button_text_color": "globals\/colors?id=accent",
            "button_border_color": "globals\/colors?id=accent",
            "button_hover_text_color": "globals\/colors?id=3b4ed14",
            "button_hover_background_color": "globals\/colors?id=bd09eb7",
            "body_color": "globals\/colors?id=text",
            "link_normal_color": "globals\/colors?id=primary",
            "h1_color": "globals\/colors?id=primary",
            "h2_color": "globals\/colors?id=primary",
            "h3_color": "globals\/colors?id=primary",
            "h4_color": "globals\/colors?id=primary",
            "h5_color": "globals\/colors?id=primary",
            "h6_color": "globals\/colors?id=text",
            "body_typography_typography": "",
            "button_typography_typography": "globals\/typography?id=accent",
            "h1_typography_typography": "globals\/typography?id=primary",
            "h2_typography_typography": "globals\/typography?id=primary",
            "h3_typography_typography": "globals\/typography?id=primary",
            "h4_typography_typography": "globals\/typography?id=primary",
            "h5_typography_typography": "globals\/typography?id=primary",
            "h6_typography_typography": "globals\/typography?id=primary"
        },
        "viewport_md": 768,
        "viewport_lg": 1025,
        "body_typography_font_weight": "400",
        "button_text_color": "#45DC9B",
        "button_border_color": "#45DC9B",
        "button_typography_typography": "custom",
        "button_typography_font_family": "Work Sans",
        "button_typography_font_size": {
            "unit": "px",
            "size": 16,
            "sizes": []
        },
        "button_typography_font_weight": "700",
        "button_typography_text_transform": "uppercase"
    }
}