{
    "version": "0.4",
    "title": "Header",
    "type": "header",
    "metadata": {
        "template_type": "section-header",
        "include_in_zip": "1",
        "elementor_pro_required": "1",
        "elementor_library_type": "header",
        "elementor_pro_conditions": [
            "include\/general"
        ],
        "additional_template_information": [
            "This is a \"Header\" template for Elementor Pro.",
            "This template will display on: Entire Site."
        ],
        "wp_page_template": "default"
    },
    "content": [
        {
            "id": "1649cffe",
            "settings": {
                "structure": "30",
                "padding": {
                    "unit": "px",
                    "top": "15",
                    "right": "50",
                    "bottom": "15",
                    "left": "50",
                    "isLinked": false
                },
                "background_color": "#FFFFFF",
                "gap": "no",
                "background_motion_fx_opacity_range": {
                    "unit": "%",
                    "size": "",
                    "sizes": {
                        "start": 0,
                        "end": 2
                    }
                },
                "background_motion_fx_range": "page",
                "margin": {
                    "unit": "px",
                    "top": "0",
                    "right": 0,
                    "bottom": "-85",
                    "left": 0,
                    "isLinked": false
                },
                "sticky": "top",
                "background_background": "classic",
                "padding_tablet": {
                    "unit": "px",
                    "top": "15",
                    "right": "50",
                    "bottom": "15",
                    "left": "50",
                    "isLinked": false
                },
                "padding_mobile": {
                    "unit": "px",
                    "top": "15",
                    "right": "20",
                    "bottom": "15",
                    "left": "20",
                    "isLinked": false
                },
                "border_width": {
                    "unit": "px",
                    "top": "0",
                    "right": "0",
                    "bottom": "1",
                    "left": "0",
                    "isLinked": false
                },
                "border_color": "#ECECEC",
                "background_motion_fx_translateY_affectedRange": {
                    "unit": "%",
                    "size": "",
                    "sizes": {
                        "start": 18,
                        "end": 35
                    }
                },
                "content_position": "middle",
                "background_motion_fx_motion_fx_scrolling": "yes",
                "background_motion_fx_opacity_effect": "yes"
            },
            "elements": [
                {
                    "id": "e9dd7af",
                    "settings": {
                        "_column_size": 33,
                        "_inline_size": null,
                        "content_position": "center",
                        "_inline_size_tablet": 50,
                        "_inline_size_mobile": 70
                    },
                    "elements": [
                        {
                            "id": "5d98f58b",
                            "settings": {
                                "__dynamic__": {
                                    "image": "[elementor-tag id=\"\" name=\"site-logo\" settings=\"%7B%7D\"]",
                                    "link": "[elementor-tag id=\"\" name=\"site-url\" settings=\"%7B%7D\"]"
                                },
                                "align": "left",
                                "width": {
                                    "unit": "px",
                                    "size": 120,
                                    "sizes": []
                                }
                            },
                            "elements": [],
                            "isInner": false,
                            "widgetType": "theme-site-logo",
                            "elType": "widget"
                        }
                    ],
                    "isInner": false,
                    "elType": "column"
                },
                {
                    "id": "667f2bb5",
                    "settings": {
                        "_column_size": 33,
                        "_inline_size": 47.807,
                        "content_position": "center",
                        "_inline_size_tablet": 20,
                        "_inline_size_mobile": 30,
                        "content_position_mobile": "center"
                    },
                    "elements": [
                        {
                            "id": "49a70536",
                            "settings": {
                                "align_items": "right",
                                "pointer": "none",
                                "indicator": "chevron",
                                "color_menu_item": "#000000",
                                "background_color_dropdown_item": "#FFFFFF",
                                "color_dropdown_item": "#000000",
                                "color_menu_item_hover": "#45DC9B",
                                "color_menu_item_active": "#45DC9B",
                                "padding_horizontal_menu_item": {
                                    "unit": "px",
                                    "size": 15,
                                    "sizes": []
                                },
                                "background_color_dropdown_item_hover": "rgba(2, 1, 1, 0)",
                                "dropdown_border_border": "solid",
                                "dropdown_border_width": {
                                    "unit": "px",
                                    "top": "1",
                                    "right": "1",
                                    "bottom": "1",
                                    "left": "1",
                                    "isLinked": true
                                },
                                "dropdown_border_radius": {
                                    "unit": "px",
                                    "top": "4",
                                    "right": "4",
                                    "bottom": "4",
                                    "left": "4",
                                    "isLinked": true
                                },
                                "dropdown_box_shadow_box_shadow_type": "yes",
                                "dropdown_box_shadow_box_shadow": {
                                    "horizontal": 10,
                                    "vertical": 10,
                                    "blur": 40,
                                    "spread": 0,
                                    "color": "rgba(194, 194, 194, 0.5)"
                                },
                                "full_width": "stretch",
                                "toggle_align": "right",
                                "_margin_mobile": {
                                    "unit": "px",
                                    "top": "0",
                                    "right": "0",
                                    "bottom": "0",
                                    "left": "0",
                                    "isLinked": false
                                },
                                "submenu_icon": {
                                    "value": "fas fa-chevron-down",
                                    "library": "fa-solid"
                                },
                                "toggle_color": "#FFFFFF",
                                "toggle_background_color": "#45DC9B",
                                "__globals__": {
                                    "toggle_color": "",
                                    "toggle_background_color": "globals\/colors?id=accent",
                                    "color_menu_item": "globals\/colors?id=primary",
                                    "color_menu_item_hover": "globals\/colors?id=accent",
                                    "color_menu_item_active": "globals\/colors?id=accent",
                                    "color_dropdown_item": "globals\/colors?id=primary",
                                    "background_color_dropdown_item": "",
                                    "dropdown_border_color": "globals\/colors?id=6cfc453",
                                    "color_dropdown_item_hover": "globals\/colors?id=accent",
                                    "color_dropdown_item_active": "globals\/colors?id=accent",
                                    "menu_typography_typography": "globals\/typography?id=e760366",
                                    "dropdown_typography_typography": "globals\/typography?id=e760366",
                                    "dropdown_divider_color": "globals\/colors?id=6cfc453"
                                },
                                "padding_horizontal_dropdown_item_mobile": {
                                    "unit": "px",
                                    "size": 20,
                                    "sizes": []
                                },
                                "padding_vertical_dropdown_item": {
                                    "unit": "px",
                                    "size": 10,
                                    "sizes": []
                                },
                                "padding_vertical_dropdown_item_mobile": {
                                    "unit": "px",
                                    "size": 10,
                                    "sizes": []
                                },
                                "dropdown_divider_border": "solid",
                                "dropdown_divider_width": {
                                    "unit": "px",
                                    "size": 1,
                                    "sizes": []
                                }
                            },
                            "elements": [],
                            "isInner": false,
                            "widgetType": "nav-menu",
                            "elType": "widget"
                        }
                    ],
                    "isInner": false,
                    "elType": "column"
                },
                {
                    "id": "7b05ba57",
                    "settings": {
                        "_column_size": 33,
                        "_inline_size": 18.498,
                        "_inline_size_tablet": 30,
                        "_inline_size_mobile": 5,
                        "hide_mobile": "hidden-phone"
                    },
                    "elements": [
                        {
                            "id": "20a0e7f9",
                            "settings": {
                                "text": "Start Now",
                                "align": "right",
                                "button_text_color": "#FFFFFF",
                                "hover_color": "#FFFFFF",
                                "border_border": "solid",
                                "border_width": {
                                    "unit": "px",
                                    "top": "0",
                                    "right": "0",
                                    "bottom": "0",
                                    "left": "0",
                                    "isLinked": true
                                },
                                "button_box_shadow_box_shadow_type": "yes",
                                "button_box_shadow_box_shadow": {
                                    "horizontal": -60,
                                    "vertical": 0,
                                    "blur": 50,
                                    "spread": 0,
                                    "color": "#29E37F"
                                },
                                "button_box_shadow_box_shadow_position": "inset",
                                "button_hover_border_color": "rgba(2, 1, 1, 0)",
                                "hover_animation": "grow",
                                "__globals__": {
                                    "background_color": "globals\/colors?id=4491ab9",
                                    "button_background_hover_color": "globals\/colors?id=accent"
                                }
                            },
                            "elements": [],
                            "isInner": false,
                            "widgetType": "button",
                            "elType": "widget"
                        }
                    ],
                    "isInner": false,
                    "elType": "column"
                }
            ],
            "isInner": false,
            "elType": "section"
        }
    ]
}