{
    "version": "0.4",
    "title": "IT Services",
    "type": "page",
    "metadata": {
        "template_type": "single-page",
        "include_in_zip": "1",
        "elementor_pro_required": "1",
        "wp_page_template": "default"
    },
    "content": [
        {
            "id": "2ca70b3",
            "settings": {
                "padding": {
                    "unit": "px",
                    "top": "150",
                    "right": "0",
                    "bottom": "40",
                    "left": "0",
                    "isLinked": false
                },
                "background_background": "classic",
                "margin": {
                    "unit": "px",
                    "top": "0",
                    "right": 0,
                    "bottom": "0",
                    "left": 0,
                    "isLinked": false
                },
                "padding_tablet": {
                    "unit": "px",
                    "top": "150",
                    "right": "40",
                    "bottom": "20",
                    "left": "40",
                    "isLinked": false
                },
                "padding_mobile": {
                    "unit": "px",
                    "top": "130",
                    "right": "20",
                    "bottom": "0",
                    "left": "20",
                    "isLinked": false
                },
                "content_width": {
                    "unit": "px",
                    "size": 600,
                    "sizes": []
                }
            },
            "elements": [
                {
                    "id": "3d3ed4b5",
                    "settings": {
                        "_column_size": 100,
                        "_inline_size": null
                    },
                    "elements": [
                        {
                            "id": "2534daa4",
                            "settings": {
                                "title": "IT Services",
                                "header_size": "h1",
                                "align": "center",
                                "_margin": {
                                    "unit": "%",
                                    "top": "",
                                    "right": "",
                                    "bottom": "",
                                    "left": "",
                                    "isLinked": false
                                },
                                "_margin_tablet": {
                                    "unit": "px",
                                    "top": "0",
                                    "right": "0",
                                    "bottom": "0",
                                    "left": "0",
                                    "isLinked": false
                                },
                                "__globals__": {
                                    "typography_typography": "globals\/typography?id=0e93510"
                                }
                            },
                            "elements": [],
                            "isInner": false,
                            "widgetType": "heading",
                            "elType": "widget"
                        },
                        {
                            "id": "51ce0fc5",
                            "settings": {
                                "title": "Preparing for your success,\nwe provide truly prominent IT solutions.",
                                "header_size": "h5",
                                "align": "center",
                                "__globals__": {
                                    "typography_typography": "globals\/typography?id=ee3075e"
                                }
                            },
                            "elements": [],
                            "isInner": false,
                            "widgetType": "heading",
                            "elType": "widget"
                        }
                    ],
                    "isInner": false,
                    "elType": "column"
                }
            ],
            "isInner": false,
            "elType": "section"
        },
        {
            "id": "6362d433",
            "settings": {
                "structure": "30",
                "padding": {
                    "unit": "px",
                    "top": "30",
                    "right": "0",
                    "bottom": "80",
                    "left": "0",
                    "isLinked": false
                },
                "padding_tablet": {
                    "unit": "px",
                    "top": "40",
                    "right": "40",
                    "bottom": "70",
                    "left": "40",
                    "isLinked": false
                },
                "margin_mobile": {
                    "unit": "px",
                    "top": "0",
                    "right": 0,
                    "bottom": "0",
                    "left": 0,
                    "isLinked": false
                },
                "padding_mobile": {
                    "unit": "px",
                    "top": "50",
                    "right": "20",
                    "bottom": "60",
                    "left": "20",
                    "isLinked": false
                }
            },
            "elements": [
                {
                    "id": "25df8970",
                    "settings": {
                        "_column_size": 33,
                        "_inline_size": null,
                        "background_background": "classic",
                        "padding": {
                            "unit": "px",
                            "top": "0",
                            "right": "20",
                            "bottom": "0",
                            "left": "20",
                            "isLinked": false
                        },
                        "_inline_size_tablet": 100,
                        "margin_tablet": {
                            "unit": "px",
                            "top": "0",
                            "right": "0",
                            "bottom": "0",
                            "left": "0",
                            "isLinked": false
                        },
                        "padding_tablet": {
                            "unit": "px",
                            "top": "0",
                            "right": "0",
                            "bottom": "0",
                            "left": "0",
                            "isLinked": false
                        }
                    },
                    "elements": [
                        {
                            "id": "48ca0483",
                            "settings": {
                                "border_border": "solid",
                                "border_width": {
                                    "unit": "px",
                                    "top": "1",
                                    "right": "1",
                                    "bottom": "1",
                                    "left": "1",
                                    "isLinked": true
                                },
                                "border_radius": {
                                    "unit": "px",
                                    "top": "8",
                                    "right": "8",
                                    "bottom": "8",
                                    "left": "8",
                                    "isLinked": true
                                },
                                "margin": {
                                    "unit": "px",
                                    "top": "0",
                                    "right": 0,
                                    "bottom": "0",
                                    "left": 0,
                                    "isLinked": true
                                },
                                "padding": {
                                    "unit": "px",
                                    "top": "20",
                                    "right": "30",
                                    "bottom": "30",
                                    "left": "30",
                                    "isLinked": false
                                },
                                "background_background": "classic",
                                "background_color": "#FFFFFF",
                                "z_index": 12,
                                "__globals__": {
                                    "border_color": "globals\/colors?id=6cfc453"
                                }
                            },
                            "elements": [
                                {
                                    "id": "18dd2491",
                                    "settings": {
                                        "_column_size": 100,
                                        "_inline_size": null,
                                        "padding": {
                                            "unit": "px",
                                            "top": "0",
                                            "right": "0",
                                            "bottom": "0",
                                            "left": "0",
                                            "isLinked": false
                                        }
                                    },
                                    "elements": [
                                        {
                                            "id": "564a2abd",
                                            "settings": {
                                                "image_border_radius": {
                                                    "unit": "px",
                                                    "top": "8",
                                                    "right": "8",
                                                    "bottom": "0",
                                                    "left": "0",
                                                    "isLinked": false
                                                },
                                                "_margin": {
                                                    "unit": "%",
                                                    "top": "",
                                                    "right": "",
                                                    "bottom": "",
                                                    "left": "",
                                                    "isLinked": false
                                                },
                                                "_border_radius": {
                                                    "unit": "%",
                                                    "top": "",
                                                    "right": "",
                                                    "bottom": "",
                                                    "left": "",
                                                    "isLinked": false
                                                },
                                                "image": {
                                                    "url": "https:\/\/kits.pixel-show.com\/techup\/wp-content\/uploads\/sites\/20\/2020\/08\/service-1.png",
                                                    "id": 160
                                                },
                                                "image_size": "full",
                                                "align": "center",
                                                "width": {
                                                    "unit": "px",
                                                    "size": 150,
                                                    "sizes": []
                                                }
                                            },
                                            "elements": [],
                                            "isInner": false,
                                            "widgetType": "image",
                                            "elType": "widget"
                                        },
                                        {
                                            "id": "e710436",
                                            "settings": {
                                                "title": "UI\/UX Analysis",
                                                "header_size": "h5",
                                                "link": {
                                                    "url": "#",
                                                    "is_external": "",
                                                    "nofollow": "",
                                                    "custom_attributes": ""
                                                },
                                                "_margin": {
                                                    "unit": "px",
                                                    "top": "10",
                                                    "right": "0",
                                                    "bottom": "0",
                                                    "left": "0",
                                                    "isLinked": false
                                                },
                                                "align": "center",
                                                "__globals__": {
                                                    "typography_typography": "globals\/typography?id=ee3075e"
                                                }
                                            },
                                            "elements": [],
                                            "isInner": false,
                                            "widgetType": "heading",
                                            "elType": "widget"
                                        },
                                        {
                                            "id": "24f5fda9",
                                            "settings": {
                                                "editor": "<p>Ut elit tellus, luctus nec ullamcorper mattis, pulvinar dapibus leo.<\/p>",
                                                "_margin": {
                                                    "unit": "px",
                                                    "top": "0",
                                                    "right": "0",
                                                    "bottom": "-20",
                                                    "left": "0",
                                                    "isLinked": false
                                                },
                                                "align": "center"
                                            },
                                            "elements": [],
                                            "isInner": false,
                                            "widgetType": "text-editor",
                                            "elType": "widget"
                                        },
                                        {
                                            "id": "67b8ca14",
                                            "settings": {
                                                "text": "More Details",
                                                "align": "center",
                                                "selected_icon": {
                                                    "value": "icon icon-right-arrow",
                                                    "library": "ekiticons"
                                                },
                                                "icon_align": "right",
                                                "icon_indent": {
                                                    "unit": "px",
                                                    "size": 15,
                                                    "sizes": []
                                                },
                                                "background_color": "rgba(2, 1, 1, 0)",
                                                "button_box_shadow_box_shadow_type": "yes",
                                                "button_box_shadow_box_shadow": {
                                                    "horizontal": 0,
                                                    "vertical": 0,
                                                    "blur": 10,
                                                    "spread": 0,
                                                    "color": "rgba(0, 0, 0, 0)"
                                                },
                                                "text_padding": {
                                                    "unit": "px",
                                                    "top": "0",
                                                    "right": "0",
                                                    "bottom": "0",
                                                    "left": "0",
                                                    "isLinked": false
                                                },
                                                "border_border": "solid",
                                                "border_width": {
                                                    "unit": "px",
                                                    "top": "0",
                                                    "right": "0",
                                                    "bottom": "0",
                                                    "left": "0",
                                                    "isLinked": true
                                                },
                                                "__globals__": {
                                                    "typography_typography": "globals\/typography?id=accent",
                                                    "button_text_color": "globals\/colors?id=primary",
                                                    "hover_color": "globals\/colors?id=accent"
                                                }
                                            },
                                            "elements": [],
                                            "isInner": false,
                                            "widgetType": "button",
                                            "elType": "widget"
                                        }
                                    ],
                                    "isInner": true,
                                    "elType": "column"
                                }
                            ],
                            "isInner": true,
                            "elType": "section"
                        }
                    ],
                    "isInner": false,
                    "elType": "column"
                },
                {
                    "id": "5be990ea",
                    "settings": {
                        "_column_size": 33,
                        "_inline_size": null,
                        "padding": {
                            "unit": "px",
                            "top": "0",
                            "right": "020",
                            "bottom": "0",
                            "left": "20",
                            "isLinked": false
                        },
                        "_inline_size_tablet": 100,
                        "padding_tablet": {
                            "unit": "px",
                            "top": "0",
                            "right": "0",
                            "bottom": "0",
                            "left": "0",
                            "isLinked": false
                        }
                    },
                    "elements": [
                        {
                            "id": "7dab9460",
                            "settings": {
                                "border_border": "solid",
                                "border_width": {
                                    "unit": "px",
                                    "top": "1",
                                    "right": "1",
                                    "bottom": "1",
                                    "left": "1",
                                    "isLinked": true
                                },
                                "border_radius": {
                                    "unit": "px",
                                    "top": "8",
                                    "right": "8",
                                    "bottom": "8",
                                    "left": "8",
                                    "isLinked": true
                                },
                                "margin": {
                                    "unit": "px",
                                    "top": "0",
                                    "right": 0,
                                    "bottom": "0",
                                    "left": 0,
                                    "isLinked": true
                                },
                                "padding": {
                                    "unit": "px",
                                    "top": "20",
                                    "right": "30",
                                    "bottom": "30",
                                    "left": "30",
                                    "isLinked": false
                                },
                                "background_background": "classic",
                                "background_color": "#FFFFFF",
                                "z_index": 12,
                                "margin_tablet": {
                                    "unit": "px",
                                    "top": "40",
                                    "right": 0,
                                    "bottom": "0",
                                    "left": 0,
                                    "isLinked": false
                                },
                                "__globals__": {
                                    "border_color": "globals\/colors?id=6cfc453"
                                }
                            },
                            "elements": [
                                {
                                    "id": "6cec0791",
                                    "settings": {
                                        "_column_size": 100,
                                        "_inline_size": null,
                                        "padding": {
                                            "unit": "px",
                                            "top": "0",
                                            "right": "0",
                                            "bottom": "0",
                                            "left": "0",
                                            "isLinked": false
                                        }
                                    },
                                    "elements": [
                                        {
                                            "id": "217537d8",
                                            "settings": {
                                                "image_border_radius": {
                                                    "unit": "px",
                                                    "top": "8",
                                                    "right": "8",
                                                    "bottom": "0",
                                                    "left": "0",
                                                    "isLinked": false
                                                },
                                                "_margin": {
                                                    "unit": "%",
                                                    "top": "",
                                                    "right": "",
                                                    "bottom": "",
                                                    "left": "",
                                                    "isLinked": false
                                                },
                                                "_border_radius": {
                                                    "unit": "%",
                                                    "top": "",
                                                    "right": "",
                                                    "bottom": "",
                                                    "left": "",
                                                    "isLinked": false
                                                },
                                                "image": {
                                                    "url": "https:\/\/kits.pixel-show.com\/techup\/wp-content\/uploads\/sites\/20\/2020\/08\/service-3.png",
                                                    "id": 165
                                                },
                                                "image_size": "full",
                                                "align": "center",
                                                "width": {
                                                    "unit": "px",
                                                    "size": 150,
                                                    "sizes": []
                                                }
                                            },
                                            "elements": [],
                                            "isInner": false,
                                            "widgetType": "image",
                                            "elType": "widget"
                                        },
                                        {
                                            "id": "3b860560",
                                            "settings": {
                                                "title": "Development",
                                                "header_size": "h5",
                                                "link": {
                                                    "url": "#",
                                                    "is_external": "",
                                                    "nofollow": "",
                                                    "custom_attributes": ""
                                                },
                                                "_margin": {
                                                    "unit": "px",
                                                    "top": "10",
                                                    "right": "0",
                                                    "bottom": "0",
                                                    "left": "0",
                                                    "isLinked": false
                                                },
                                                "align": "center",
                                                "__globals__": {
                                                    "typography_typography": "globals\/typography?id=ee3075e"
                                                }
                                            },
                                            "elements": [],
                                            "isInner": false,
                                            "widgetType": "heading",
                                            "elType": "widget"
                                        },
                                        {
                                            "id": "4df47a76",
                                            "settings": {
                                                "editor": "<p>Ut elit tellus, luctus nec ullamcorper mattis, pulvinar dapibus leo.<\/p>",
                                                "_margin": {
                                                    "unit": "px",
                                                    "top": "0",
                                                    "right": "0",
                                                    "bottom": "-20",
                                                    "left": "0",
                                                    "isLinked": false
                                                },
                                                "align": "center"
                                            },
                                            "elements": [],
                                            "isInner": false,
                                            "widgetType": "text-editor",
                                            "elType": "widget"
                                        },
                                        {
                                            "id": "26af5839",
                                            "settings": {
                                                "text": "More Details",
                                                "align": "center",
                                                "selected_icon": {
                                                    "value": "icon icon-right-arrow",
                                                    "library": "ekiticons"
                                                },
                                                "icon_align": "right",
                                                "icon_indent": {
                                                    "unit": "px",
                                                    "size": 15,
                                                    "sizes": []
                                                },
                                                "background_color": "rgba(2, 1, 1, 0)",
                                                "button_box_shadow_box_shadow_type": "yes",
                                                "button_box_shadow_box_shadow": {
                                                    "horizontal": 0,
                                                    "vertical": 0,
                                                    "blur": 10,
                                                    "spread": 0,
                                                    "color": "rgba(0, 0, 0, 0)"
                                                },
                                                "text_padding": {
                                                    "unit": "px",
                                                    "top": "0",
                                                    "right": "0",
                                                    "bottom": "0",
                                                    "left": "0",
                                                    "isLinked": false
                                                },
                                                "border_border": "solid",
                                                "border_width": {
                                                    "unit": "px",
                                                    "top": "0",
                                                    "right": "0",
                                                    "bottom": "0",
                                                    "left": "0",
                                                    "isLinked": true
                                                },
                                                "__globals__": {
                                                    "typography_typography": "globals\/typography?id=accent",
                                                    "button_text_color": "globals\/colors?id=primary",
                                                    "hover_color": "globals\/colors?id=accent"
                                                }
                                            },
                                            "elements": [],
                                            "isInner": false,
                                            "widgetType": "button",
                                            "elType": "widget"
                                        }
                                    ],
                                    "isInner": true,
                                    "elType": "column"
                                }
                            ],
                            "isInner": true,
                            "elType": "section"
                        }
                    ],
                    "isInner": false,
                    "elType": "column"
                },
                {
                    "id": "50dc95d5",
                    "settings": {
                        "_column_size": 33,
                        "_inline_size": null,
                        "padding": {
                            "unit": "px",
                            "top": "0",
                            "right": "20",
                            "bottom": "0",
                            "left": "20",
                            "isLinked": false
                        },
                        "_inline_size_tablet": 100,
                        "padding_tablet": {
                            "unit": "px",
                            "top": "0",
                            "right": "0",
                            "bottom": "0",
                            "left": "0",
                            "isLinked": false
                        },
                        "margin": {
                            "unit": "px",
                            "top": "0",
                            "right": "0",
                            "bottom": "0",
                            "left": "0",
                            "isLinked": false
                        }
                    },
                    "elements": [
                        {
                            "id": "296ec40d",
                            "settings": {
                                "border_border": "solid",
                                "border_width": {
                                    "unit": "px",
                                    "top": "1",
                                    "right": "1",
                                    "bottom": "1",
                                    "left": "1",
                                    "isLinked": true
                                },
                                "border_radius": {
                                    "unit": "px",
                                    "top": "8",
                                    "right": "8",
                                    "bottom": "8",
                                    "left": "8",
                                    "isLinked": true
                                },
                                "margin": {
                                    "unit": "%",
                                    "top": "",
                                    "right": 0,
                                    "bottom": "",
                                    "left": 0,
                                    "isLinked": false
                                },
                                "padding": {
                                    "unit": "px",
                                    "top": "20",
                                    "right": "30",
                                    "bottom": "30",
                                    "left": "30",
                                    "isLinked": false
                                },
                                "background_background": "classic",
                                "background_color": "#FFFFFF",
                                "z_index": 12,
                                "margin_tablet": {
                                    "unit": "px",
                                    "top": "30",
                                    "right": 0,
                                    "bottom": "0",
                                    "left": 0,
                                    "isLinked": false
                                },
                                "__globals__": {
                                    "border_color": "globals\/colors?id=6cfc453"
                                }
                            },
                            "elements": [
                                {
                                    "id": "3b8f034c",
                                    "settings": {
                                        "_column_size": 100,
                                        "_inline_size": null,
                                        "padding": {
                                            "unit": "px",
                                            "top": "0",
                                            "right": "0",
                                            "bottom": "0",
                                            "left": "0",
                                            "isLinked": false
                                        }
                                    },
                                    "elements": [
                                        {
                                            "id": "642ee4c3",
                                            "settings": {
                                                "image_border_radius": {
                                                    "unit": "px",
                                                    "top": "8",
                                                    "right": "8",
                                                    "bottom": "0",
                                                    "left": "0",
                                                    "isLinked": false
                                                },
                                                "_margin": {
                                                    "unit": "%",
                                                    "top": "",
                                                    "right": "",
                                                    "bottom": "",
                                                    "left": "",
                                                    "isLinked": false
                                                },
                                                "_border_radius": {
                                                    "unit": "%",
                                                    "top": "",
                                                    "right": "",
                                                    "bottom": "",
                                                    "left": "",
                                                    "isLinked": false
                                                },
                                                "image": {
                                                    "url": "https:\/\/kits.pixel-show.com\/techup\/wp-content\/uploads\/sites\/20\/2020\/08\/service-4.png",
                                                    "id": 166
                                                },
                                                "image_size": "full",
                                                "align": "center",
                                                "width": {
                                                    "unit": "px",
                                                    "size": 150,
                                                    "sizes": []
                                                }
                                            },
                                            "elements": [],
                                            "isInner": false,
                                            "widgetType": "image",
                                            "elType": "widget"
                                        },
                                        {
                                            "id": "102cab3c",
                                            "settings": {
                                                "title": "SMM production",
                                                "header_size": "h5",
                                                "link": {
                                                    "url": "#",
                                                    "is_external": "",
                                                    "nofollow": "",
                                                    "custom_attributes": ""
                                                },
                                                "_margin": {
                                                    "unit": "px",
                                                    "top": "10",
                                                    "right": "0",
                                                    "bottom": "0",
                                                    "left": "0",
                                                    "isLinked": false
                                                },
                                                "align": "center",
                                                "__globals__": {
                                                    "typography_typography": "globals\/typography?id=ee3075e"
                                                }
                                            },
                                            "elements": [],
                                            "isInner": false,
                                            "widgetType": "heading",
                                            "elType": "widget"
                                        },
                                        {
                                            "id": "7a5b664c",
                                            "settings": {
                                                "editor": "<p>Ut elit tellus, luctus nec ullamcorper mattis, pulvinar dapibus leo.<\/p>",
                                                "_margin": {
                                                    "unit": "px",
                                                    "top": "0",
                                                    "right": "0",
                                                    "bottom": "-20",
                                                    "left": "0",
                                                    "isLinked": false
                                                },
                                                "align": "center"
                                            },
                                            "elements": [],
                                            "isInner": false,
                                            "widgetType": "text-editor",
                                            "elType": "widget"
                                        },
                                        {
                                            "id": "774ec24f",
                                            "settings": {
                                                "text": "More Details",
                                                "align": "center",
                                                "selected_icon": {
                                                    "value": "icon icon-right-arrow",
                                                    "library": "ekiticons"
                                                },
                                                "icon_align": "right",
                                                "icon_indent": {
                                                    "unit": "px",
                                                    "size": 15,
                                                    "sizes": []
                                                },
                                                "background_color": "rgba(2, 1, 1, 0)",
                                                "button_box_shadow_box_shadow_type": "yes",
                                                "button_box_shadow_box_shadow": {
                                                    "horizontal": 0,
                                                    "vertical": 0,
                                                    "blur": 10,
                                                    "spread": 0,
                                                    "color": "rgba(0, 0, 0, 0)"
                                                },
                                                "text_padding": {
                                                    "unit": "px",
                                                    "top": "0",
                                                    "right": "0",
                                                    "bottom": "0",
                                                    "left": "0",
                                                    "isLinked": false
                                                },
                                                "border_border": "solid",
                                                "border_width": {
                                                    "unit": "px",
                                                    "top": "0",
                                                    "right": "0",
                                                    "bottom": "0",
                                                    "left": "0",
                                                    "isLinked": true
                                                },
                                                "__globals__": {
                                                    "typography_typography": "globals\/typography?id=accent",
                                                    "button_text_color": "globals\/colors?id=primary",
                                                    "hover_color": "globals\/colors?id=accent"
                                                }
                                            },
                                            "elements": [],
                                            "isInner": false,
                                            "widgetType": "button",
                                            "elType": "widget"
                                        }
                                    ],
                                    "isInner": true,
                                    "elType": "column"
                                }
                            ],
                            "isInner": true,
                            "elType": "section"
                        }
                    ],
                    "isInner": false,
                    "elType": "column"
                }
            ],
            "isInner": false,
            "elType": "section"
        }
    ],
    "page_settings": {
        "hide_title": "yes"
    }
}