{
    "version": "0.4",
    "title": "Pricing",
    "type": "page",
    "metadata": {
        "template_type": "single-page",
        "include_in_zip": "1",
        "elementor_pro_required": "1",
        "wp_page_template": "default"
    },
    "content": [
        {
            "id": "18cfd95b",
            "settings": {
                "padding": {
                    "unit": "px",
                    "top": "150",
                    "right": "0",
                    "bottom": "0",
                    "left": "0",
                    "isLinked": false
                },
                "background_background": "classic",
                "margin": {
                    "unit": "px",
                    "top": "0",
                    "right": 0,
                    "bottom": "0",
                    "left": 0,
                    "isLinked": false
                },
                "padding_tablet": {
                    "unit": "px",
                    "top": "150",
                    "right": "40",
                    "bottom": "20",
                    "left": "40",
                    "isLinked": false
                },
                "padding_mobile": {
                    "unit": "px",
                    "top": "130",
                    "right": "20",
                    "bottom": "0",
                    "left": "20",
                    "isLinked": false
                },
                "content_width": {
                    "unit": "px",
                    "size": 600,
                    "sizes": []
                }
            },
            "elements": [
                {
                    "id": "5b175947",
                    "settings": {
                        "_column_size": 100,
                        "_inline_size": null
                    },
                    "elements": [
                        {
                            "id": "a00f7fb",
                            "settings": {
                                "title": "Pricing",
                                "header_size": "h1",
                                "align": "center",
                                "_margin": {
                                    "unit": "%",
                                    "top": "",
                                    "right": "",
                                    "bottom": "",
                                    "left": "",
                                    "isLinked": false
                                },
                                "_margin_tablet": {
                                    "unit": "px",
                                    "top": "0",
                                    "right": "0",
                                    "bottom": "0",
                                    "left": "0",
                                    "isLinked": false
                                },
                                "__globals__": {
                                    "typography_typography": "globals\/typography?id=0e93510"
                                }
                            },
                            "elements": [],
                            "isInner": false,
                            "widgetType": "heading",
                            "elType": "widget"
                        },
                        {
                            "id": "58a03f5d",
                            "settings": {
                                "align": "center"
                            },
                            "elements": [],
                            "isInner": false,
                            "widgetType": "text-editor",
                            "elType": "widget"
                        }
                    ],
                    "isInner": false,
                    "elType": "column"
                }
            ],
            "isInner": false,
            "elType": "section"
        },
        {
            "id": "3d5e497f",
            "settings": {
                "structure": "30",
                "background_overlay_background": "classic",
                "background_overlay_position": "bottom right",
                "background_overlay_repeat": "no-repeat",
                "background_overlay_size": "auto",
                "margin": {
                    "unit": "px",
                    "top": "0",
                    "right": 0,
                    "bottom": "0",
                    "left": 0,
                    "isLinked": false
                },
                "z_index": 2,
                "margin_tablet": {
                    "unit": "%",
                    "top": "",
                    "right": 0,
                    "bottom": "",
                    "left": 0,
                    "isLinked": false
                },
                "margin_mobile": {
                    "unit": "px",
                    "top": "0",
                    "right": 0,
                    "bottom": "0",
                    "left": 0,
                    "isLinked": false
                },
                "padding": {
                    "unit": "px",
                    "top": "30",
                    "right": "0",
                    "bottom": "50",
                    "left": "0",
                    "isLinked": false
                },
                "padding_tablet": {
                    "unit": "px",
                    "top": "20",
                    "right": "40",
                    "bottom": "20",
                    "left": "40",
                    "isLinked": false
                },
                "padding_mobile": {
                    "unit": "px",
                    "top": "20",
                    "right": "20",
                    "bottom": "0",
                    "left": "20",
                    "isLinked": false
                },
                "content_position": "middle"
            },
            "elements": [
                {
                    "id": "340f78ba",
                    "settings": {
                        "_column_size": 33,
                        "_inline_size": null,
                        "border_radius": {
                            "unit": "px",
                            "top": "4",
                            "right": "4",
                            "bottom": "4",
                            "left": "4",
                            "isLinked": true
                        },
                        "margin": {
                            "unit": "px",
                            "top": "10",
                            "right": "10",
                            "bottom": "10",
                            "left": "10",
                            "isLinked": true
                        },
                        "_inline_size_tablet": 100,
                        "content_position": "center",
                        "padding": {
                            "unit": "em",
                            "top": "",
                            "right": "",
                            "bottom": "",
                            "left": "",
                            "isLinked": false
                        }
                    },
                    "elements": [
                        {
                            "id": "75b6c305",
                            "settings": {
                                "heading": "Basic",
                                "sub_heading": "International payments",
                                "price": "19",
                                "period": "\/ per month",
                                "features_list": [
                                    {
                                        "item_text": "03 projects",
                                        "selected_item_icon": {
                                            "value": "icon icon-check",
                                            "library": "ekiticons"
                                        },
                                        "_id": "4a3714c"
                                    },
                                    {
                                        "item_text": "Quality & Customer Experience",
                                        "selected_item_icon": {
                                            "value": "icon icon-check",
                                            "library": "ekiticons"
                                        },
                                        "_id": "84bdabf"
                                    },
                                    {
                                        "item_text": "Try for free, forever!",
                                        "selected_item_icon": {
                                            "value": "icon icon-check",
                                            "library": "ekiticons"
                                        },
                                        "_id": "3d4d4be"
                                    }
                                ],
                                "button_text": "Get Started",
                                "footer_additional_info": "",
                                "show_ribbon": "",
                                "ribbon_title": "Popular",
                                "header_bg_color": "#FFFFFF",
                                "heading_color": "#000000",
                                "heading_typography_typography": "custom",
                                "pricing_element_bg_color": "#FFFFFF",
                                "pricing_element_padding": {
                                    "unit": "px",
                                    "top": "0",
                                    "right": "0",
                                    "bottom": "30",
                                    "left": "0",
                                    "isLinked": false
                                },
                                "price_color": "#000000",
                                "price_typography_typography": "custom",
                                "price_typography_font_family": "Work Sans",
                                "price_typography_font_size": {
                                    "unit": "px",
                                    "size": 70,
                                    "sizes": []
                                },
                                "price_typography_font_weight": "400",
                                "currency_size": {
                                    "unit": "px",
                                    "size": 25,
                                    "sizes": []
                                },
                                "fractional-part_size": {
                                    "unit": "px",
                                    "size": 30,
                                    "sizes": []
                                },
                                "period_color": "#828282",
                                "features_list_bg_color": "#FFFFFF",
                                "features_list_padding": {
                                    "unit": "px",
                                    "top": "0",
                                    "right": "40",
                                    "bottom": "0",
                                    "left": "40",
                                    "isLinked": false
                                },
                                "features_list_alignment": "left",
                                "divider_color": "#FFFFFF",
                                "divider_weight": {
                                    "unit": "px",
                                    "size": 0,
                                    "sizes": []
                                },
                                "footer_bg_color": "#FFFFFF",
                                "footer_padding": {
                                    "unit": "px",
                                    "top": "40",
                                    "right": "0",
                                    "bottom": "30",
                                    "left": "0",
                                    "isLinked": false
                                },
                                "additional_info_color": "#BFBFBF",
                                "additional_info_typography_typography": "custom",
                                "additional_info_typography_font_size": {
                                    "unit": "px",
                                    "size": 15,
                                    "sizes": []
                                },
                                "sub_heading_color": "#828282",
                                "sub_heading_typography_font_size": {
                                    "unit": "px",
                                    "size": 14,
                                    "sizes": []
                                },
                                "sub_heading_typography_line_height": {
                                    "unit": "px",
                                    "size": "",
                                    "sizes": []
                                },
                                "list_divider": "",
                                "button_hover_animation": "grow",
                                "features_list_padding_mobile": {
                                    "unit": "px",
                                    "top": "0",
                                    "right": "0",
                                    "bottom": "0",
                                    "left": "0",
                                    "isLinked": false
                                },
                                "_margin": {
                                    "unit": "px",
                                    "top": "0",
                                    "right": "0",
                                    "bottom": "0",
                                    "left": "0",
                                    "isLinked": false
                                },
                                "_border_border": "solid",
                                "_border_width": {
                                    "unit": "px",
                                    "top": "1",
                                    "right": "1",
                                    "bottom": "1",
                                    "left": "1",
                                    "isLinked": true
                                },
                                "_border_color": "#EEEEEE",
                                "_border_radius": {
                                    "unit": "px",
                                    "top": "8",
                                    "right": "8",
                                    "bottom": "8",
                                    "left": "8",
                                    "isLinked": true
                                },
                                "heading_typography_font_family": "Work Sans",
                                "heading_typography_font_weight": "600",
                                "__globals__": {
                                    "heading_color": "globals\/colors?id=primary",
                                    "heading_typography_typography": "globals\/typography?id=primary",
                                    "sub_heading_color": "globals\/colors?id=text",
                                    "price_typography_typography": "globals\/typography?id=fddc749",
                                    "_border_color": "globals\/colors?id=6cfc453",
                                    "price_color": "globals\/colors?id=primary",
                                    "period_color": "globals\/colors?id=text",
                                    "period_typography_typography": "globals\/typography?id=ecbf982",
                                    "features_list_typography_typography": "globals\/typography?id=ecbf982"
                                }
                            },
                            "elements": [],
                            "isInner": false,
                            "widgetType": "price-table",
                            "elType": "widget"
                        }
                    ],
                    "isInner": false,
                    "elType": "column"
                },
                {
                    "id": "5ef3af22",
                    "settings": {
                        "_column_size": 33,
                        "_inline_size": null,
                        "background_color": "rgba(206, 236, 255, 0.95)",
                        "background_color_b": "#FED4FF",
                        "background_gradient_angle": {
                            "unit": "deg",
                            "size": 140,
                            "sizes": []
                        },
                        "background_motion_fx_mouseTrack_effect": "yes",
                        "background_motion_fx_mouseTrack_direction": "negative",
                        "background_motion_fx_mouseTrack_speed": {
                            "unit": "px",
                            "size": 3.9,
                            "sizes": []
                        },
                        "border_radius": {
                            "unit": "px",
                            "top": "4",
                            "right": "4",
                            "bottom": "4",
                            "left": "4",
                            "isLinked": true
                        },
                        "box_shadow_box_shadow": {
                            "horizontal": 10,
                            "vertical": 37,
                            "blur": 70,
                            "spread": 0,
                            "color": "rgba(0, 0, 0, 0.08)"
                        },
                        "_inline_size_tablet": 100,
                        "margin": {
                            "unit": "px",
                            "top": "10",
                            "right": "10",
                            "bottom": "10",
                            "left": "10",
                            "isLinked": true
                        }
                    },
                    "elements": [
                        {
                            "id": "42470e6a",
                            "settings": {
                                "heading": "Professional",
                                "sub_heading": "Card account updater",
                                "price": "29.99",
                                "period": "\/ per month",
                                "features_list": [
                                    {
                                        "item_text": "Unlimited project",
                                        "selected_item_icon": {
                                            "value": "icon icon-check",
                                            "library": "ekiticons"
                                        },
                                        "_id": "4a3714c"
                                    },
                                    {
                                        "item_text": "Power And Predictive Dialing",
                                        "selected_item_icon": {
                                            "value": "icon icon-check",
                                            "library": "ekiticons"
                                        },
                                        "_id": "84bdabf"
                                    },
                                    {
                                        "item_text": "Quality & Customer Experience",
                                        "selected_item_icon": {
                                            "value": "icon icon-check",
                                            "library": "ekiticons"
                                        },
                                        "_id": "3d4d4be"
                                    },
                                    {
                                        "item_text": "24\/7 phone and email support",
                                        "selected_item_icon": {
                                            "value": "icon icon-check",
                                            "library": "ekiticons"
                                        },
                                        "_id": "dd77016"
                                    }
                                ],
                                "button_text": "Get Started",
                                "footer_additional_info": "",
                                "ribbon_title": "Popular",
                                "pricing_element_padding": {
                                    "unit": "px",
                                    "top": "0",
                                    "right": "0",
                                    "bottom": "30",
                                    "left": "0",
                                    "isLinked": false
                                },
                                "currency_size": {
                                    "unit": "px",
                                    "size": 25,
                                    "sizes": []
                                },
                                "fractional-part_size": {
                                    "unit": "px",
                                    "size": 30,
                                    "sizes": []
                                },
                                "features_list_padding": {
                                    "unit": "px",
                                    "top": "0",
                                    "right": "40",
                                    "bottom": "0",
                                    "left": "40",
                                    "isLinked": false
                                },
                                "features_list_alignment": "left",
                                "divider_color": "#FFFFFF",
                                "divider_weight": {
                                    "unit": "px",
                                    "size": 0,
                                    "sizes": []
                                },
                                "footer_padding": {
                                    "unit": "px",
                                    "top": "40",
                                    "right": "0",
                                    "bottom": "30",
                                    "left": "0",
                                    "isLinked": false
                                },
                                "additional_info_color": "#BFBFBF",
                                "additional_info_typography_typography": "custom",
                                "additional_info_typography_font_size": {
                                    "unit": "px",
                                    "size": 15,
                                    "sizes": []
                                },
                                "sub_heading_typography_font_size": {
                                    "unit": "px",
                                    "size": 14,
                                    "sizes": []
                                },
                                "sub_heading_typography_line_height": {
                                    "unit": "px",
                                    "size": "",
                                    "sizes": []
                                },
                                "list_divider": "",
                                "button_hover_animation": "grow",
                                "features_list_padding_mobile": {
                                    "unit": "px",
                                    "top": "0",
                                    "right": "0",
                                    "bottom": "0",
                                    "left": "0",
                                    "isLinked": false
                                },
                                "button_text_color": "#FFFFFF",
                                "button_typography_font_size": {
                                    "unit": "px",
                                    "size": 16,
                                    "sizes": []
                                },
                                "button_border_border": "solid",
                                "button_border_width": {
                                    "unit": "px",
                                    "top": "2",
                                    "right": "2",
                                    "bottom": "2",
                                    "left": "2",
                                    "isLinked": true
                                },
                                "button_text_padding": {
                                    "unit": "px",
                                    "top": "20",
                                    "right": "42",
                                    "bottom": "20",
                                    "left": "42",
                                    "isLinked": false
                                },
                                "_border_border": "solid",
                                "_border_width": {
                                    "unit": "px",
                                    "top": "1",
                                    "right": "1",
                                    "bottom": "1",
                                    "left": "1",
                                    "isLinked": true
                                },
                                "_border_radius": {
                                    "unit": "px",
                                    "top": "8",
                                    "right": "8",
                                    "bottom": "8",
                                    "left": "8",
                                    "isLinked": true
                                },
                                "_box_shadow_box_shadow": {
                                    "horizontal": 10,
                                    "vertical": 10,
                                    "blur": 50,
                                    "spread": 0,
                                    "color": "rgba(241, 241, 241, 0.54)"
                                },
                                "motion_fx_motion_fx_mouse": "yes",
                                "motion_fx_tilt_effect": "yes",
                                "motion_fx_tilt_speed": {
                                    "unit": "px",
                                    "size": 1,
                                    "sizes": []
                                },
                                "__globals__": {
                                    "header_bg_color": "globals\/colors?id=49a77ed",
                                    "heading_color": "globals\/colors?id=primary",
                                    "heading_typography_typography": "globals\/typography?id=primary",
                                    "sub_heading_color": "globals\/colors?id=text",
                                    "pricing_element_bg_color": "globals\/colors?id=49a77ed",
                                    "price_color": "globals\/colors?id=primary",
                                    "price_typography_typography": "globals\/typography?id=fddc749",
                                    "period_color": "globals\/colors?id=text",
                                    "period_typography_typography": "globals\/typography?id=ecbf982",
                                    "features_list_bg_color": "globals\/colors?id=49a77ed",
                                    "footer_bg_color": "globals\/colors?id=49a77ed",
                                    "button_background_color": "globals\/colors?id=a549970",
                                    "button_border_color": "globals\/colors?id=5ad3ca8",
                                    "ribbon_bg_color": "globals\/colors?id=accent",
                                    "_border_color": "globals\/colors?id=accent"
                                }
                            },
                            "elements": [],
                            "isInner": false,
                            "widgetType": "price-table",
                            "elType": "widget"
                        }
                    ],
                    "isInner": false,
                    "elType": "column"
                },
                {
                    "id": "14ab2eea",
                    "settings": {
                        "_column_size": 33,
                        "_inline_size": null,
                        "border_radius": {
                            "unit": "px",
                            "top": "4",
                            "right": "4",
                            "bottom": "4",
                            "left": "4",
                            "isLinked": true
                        },
                        "margin": {
                            "unit": "px",
                            "top": "10",
                            "right": "10",
                            "bottom": "10",
                            "left": "10",
                            "isLinked": true
                        },
                        "_inline_size_tablet": 100
                    },
                    "elements": [
                        {
                            "id": "5a3b710a",
                            "settings": {
                                "heading": "Advanced",
                                "sub_heading": "Local payment methods",
                                "price": "79.99",
                                "period": "\/ per month",
                                "features_list": [
                                    {
                                        "item_text": "10 projects",
                                        "selected_item_icon": {
                                            "value": "icon icon-check",
                                            "library": "ekiticons"
                                        },
                                        "_id": "4a3714c"
                                    },
                                    {
                                        "item_text": "Power And Predictive Dialing",
                                        "selected_item_icon": {
                                            "value": "icon icon-check",
                                            "library": "ekiticons"
                                        },
                                        "_id": "84bdabf"
                                    },
                                    {
                                        "item_text": "Quality & Customer Experience",
                                        "selected_item_icon": {
                                            "value": "icon icon-check",
                                            "library": "ekiticons"
                                        },
                                        "_id": "3d4d4be"
                                    }
                                ],
                                "button_text": "Get Started",
                                "footer_additional_info": "",
                                "show_ribbon": "",
                                "ribbon_title": "Popular",
                                "header_bg_color": "#FFFFFF",
                                "heading_color": "#000000",
                                "heading_typography_typography": "custom",
                                "pricing_element_bg_color": "#FFFFFF",
                                "pricing_element_padding": {
                                    "unit": "px",
                                    "top": "0",
                                    "right": "0",
                                    "bottom": "30",
                                    "left": "0",
                                    "isLinked": false
                                },
                                "price_color": "#000000",
                                "price_typography_typography": "custom",
                                "price_typography_font_family": "Work Sans",
                                "price_typography_font_size": {
                                    "unit": "px",
                                    "size": 70,
                                    "sizes": []
                                },
                                "price_typography_font_weight": "400",
                                "currency_size": {
                                    "unit": "px",
                                    "size": 25,
                                    "sizes": []
                                },
                                "fractional-part_size": {
                                    "unit": "px",
                                    "size": 30,
                                    "sizes": []
                                },
                                "period_color": "#828282",
                                "features_list_bg_color": "#FFFFFF",
                                "features_list_padding": {
                                    "unit": "px",
                                    "top": "0",
                                    "right": "40",
                                    "bottom": "0",
                                    "left": "40",
                                    "isLinked": false
                                },
                                "features_list_alignment": "left",
                                "divider_color": "#FFFFFF",
                                "divider_weight": {
                                    "unit": "px",
                                    "size": 0,
                                    "sizes": []
                                },
                                "footer_bg_color": "#FFFFFF",
                                "footer_padding": {
                                    "unit": "px",
                                    "top": "40",
                                    "right": "0",
                                    "bottom": "30",
                                    "left": "0",
                                    "isLinked": false
                                },
                                "additional_info_color": "#BFBFBF",
                                "additional_info_typography_typography": "custom",
                                "additional_info_typography_font_size": {
                                    "unit": "px",
                                    "size": 15,
                                    "sizes": []
                                },
                                "sub_heading_color": "#828282",
                                "sub_heading_typography_font_size": {
                                    "unit": "px",
                                    "size": 14,
                                    "sizes": []
                                },
                                "sub_heading_typography_line_height": {
                                    "unit": "px",
                                    "size": "",
                                    "sizes": []
                                },
                                "list_divider": "",
                                "button_hover_animation": "grow",
                                "features_list_padding_mobile": {
                                    "unit": "px",
                                    "top": "0",
                                    "right": "0",
                                    "bottom": "0",
                                    "left": "0",
                                    "isLinked": false
                                },
                                "_margin": {
                                    "unit": "px",
                                    "top": "0",
                                    "right": "0",
                                    "bottom": "0",
                                    "left": "0",
                                    "isLinked": false
                                },
                                "_border_border": "solid",
                                "_border_width": {
                                    "unit": "px",
                                    "top": "1",
                                    "right": "1",
                                    "bottom": "1",
                                    "left": "1",
                                    "isLinked": true
                                },
                                "_border_color": "#EEEEEE",
                                "_border_radius": {
                                    "unit": "px",
                                    "top": "8",
                                    "right": "8",
                                    "bottom": "8",
                                    "left": "8",
                                    "isLinked": true
                                },
                                "heading_typography_font_family": "Work Sans",
                                "heading_typography_font_weight": "600",
                                "__globals__": {
                                    "heading_color": "globals\/colors?id=primary",
                                    "heading_typography_typography": "globals\/typography?id=primary",
                                    "sub_heading_color": "globals\/colors?id=text",
                                    "price_typography_typography": "globals\/typography?id=fddc749",
                                    "_border_color": "globals\/colors?id=6cfc453",
                                    "price_color": "globals\/colors?id=primary",
                                    "period_color": "globals\/colors?id=text",
                                    "period_typography_typography": "globals\/typography?id=ecbf982",
                                    "features_list_typography_typography": "globals\/typography?id=ecbf982"
                                }
                            },
                            "elements": [],
                            "isInner": false,
                            "widgetType": "price-table",
                            "elType": "widget"
                        }
                    ],
                    "isInner": false,
                    "elType": "column"
                }
            ],
            "isInner": false,
            "elType": "section"
        },
        {
            "id": "3dd9f7be",
            "settings": {
                "content_width": {
                    "unit": "px",
                    "size": 600,
                    "sizes": []
                },
                "margin": {
                    "unit": "%",
                    "top": "",
                    "right": 0,
                    "bottom": "",
                    "left": 0,
                    "isLinked": false
                },
                "margin_tablet": {
                    "unit": "px",
                    "top": "0",
                    "right": 0,
                    "bottom": "0",
                    "left": 0,
                    "isLinked": false
                },
                "padding": {
                    "unit": "px",
                    "top": "0",
                    "right": "0",
                    "bottom": "40",
                    "left": "0",
                    "isLinked": false
                },
                "padding_mobile": {
                    "unit": "px",
                    "top": "30",
                    "right": "20",
                    "bottom": "40",
                    "left": "20",
                    "isLinked": false
                },
                "padding_tablet": {
                    "unit": "px",
                    "top": "0",
                    "right": "40",
                    "bottom": "40",
                    "left": "40",
                    "isLinked": false
                }
            },
            "elements": [
                {
                    "id": "48817dfe",
                    "settings": {
                        "_column_size": 100,
                        "_inline_size": null
                    },
                    "elements": [
                        {
                            "id": "7cb093b6",
                            "settings": {
                                "title": "30-Day Money-Back Guarantee\n",
                                "header_size": "h3",
                                "align": "center",
                                "__globals__": {
                                    "typography_typography": "globals\/typography?id=dbc3284"
                                }
                            },
                            "elements": [],
                            "isInner": false,
                            "widgetType": "heading",
                            "elType": "widget"
                        },
                        {
                            "id": "48453bd1",
                            "settings": {
                                "editor": "<p>We back every sale with a 30-day money back guarantee. If you're somehow not happy with your purchase, just <a href=\"#\">let us know<\/a>.<\/p>",
                                "align": "center"
                            },
                            "elements": [],
                            "isInner": false,
                            "widgetType": "text-editor",
                            "elType": "widget"
                        }
                    ],
                    "isInner": false,
                    "elType": "column"
                }
            ],
            "isInner": false,
            "elType": "section"
        }
    ],
    "page_settings": {
        "hide_title": "yes"
    }
}